"","rate","error"
"1",1403,8.6
"2",1426,13.2
"3",1377,14.8
"4",1405,14.6
"5",1364,7.2
"6",1399,10.5
"7",1372,10.6
"8",1475,9.7
"9",1318,13.1
"10",1378,11.4
"11",1454,6.1
"12",1399,5.9
"13",1399,8
"14",1351,11.5
"15",1396,8.7
"16",1346,13.3
"17",1391,9.5
"18",1382,12.2
"19",1402,9.2
"20",1415,8
"21",1421,12.7
"22",1354,6.7
"23",1313,8.3
"24",1350,8.9
"25",1391,8.8
"26",1371,5.9
"27",1378,16.3
"28",1332,12.1
"29",1390,14.9
"30",1393,15.5
"31",1410,12.2
"32",1315,10.4
"33",1409,11.1
"34",1394,11.7
"35",1407,9
"36",1482,8.2
"37",1389,11.7
"38",1398,10.9
"39",1416,8.3
"40",1401,10
"41",1447,12
"42",1385,9.8
"43",1405,12.7
"44",1462,13.4
"45",1427,10.8
"46",1430,13.5
"47",1361,11.7
"48",1402,11.9
"49",1435,11.1
"50",1375,10.8
"51",1399,12.9
"52",1422,17.6
"53",1323,11
"54",1392,14.9
"55",1384,10
"56",1417,13.7
"57",1356,12.5
"58",1382,7.6
"59",1389,16.4
"60",1414,14.9
"61",1389,6.3
"62",1379,8.8
"63",1321,9.6
"64",1404,13.1
"65",1446,7.1
"66",1272,7.5
"67",1385,10.7
"68",1401,10.4
"69",1339,8.9
"70",1432,8.3
"71",1401,10.7
"72",1384,14.1
"73",1425,5.5
"74",1409,6
"75",1359,8.8
"76",1446,11.3
"77",1426,10.3
"78",1356,6.7
"79",1365,11.8
"80",1390,10.5
"81",1346,10.2
"82",1370,12.9
"83",1387,8.5
"84",1439,9.6
"85",1371,7
"86",1372,8.3
"87",1341,8.5
"88",1403,11.2
"89",1381,6.9
"90",1417,16.9
"91",1353,10.9
"92",1408,8.9
"93",1397,7.8
"94",1382,11.9
"95",1351,14.4
"96",1396,14
"97",1400,12.1
"98",1347,7.4
"99",1383,11.1
"100",1443,8.6
"101",1349,10.7
"102",1416,14.4
"103",1341,11.3
"104",1441,9.8
"105",1365,6.7
"106",1405,13
"107",1422,10.2
"108",1362,8.1
"109",1408,9.8
"110",1339,11.3
"111",1398,9.5
"112",1333,10.4
"113",1415,6.7
"114",1421,11.6
"115",1362,9.9
"116",1446,12.2
"117",1357,14.1
"118",1471,11.7
"119",1409,7.4
"120",1376,14.3
"121",1428,11.6
"122",1404,8.8
"123",1301,9.3
"124",1393,12
"125",1352,9.1
"126",1390,16.1
"127",1376,11.9
"128",1356,12.1
"129",1375,8.9
"130",1440,7.2
"131",1353,9
"132",1402,8.9
"133",1421,11.8
"134",1392,9.3
"135",1365,13.7
"136",1405,11.6
"137",1377,13.9
"138",1422,12.7
"139",1409,16.3
"140",1425,9.7
"141",1376,13.7
"142",1372,16
"143",1412,10.3
"144",1431,10.4
"145",1410,13.7
"146",1403,12.5
"147",1432,14
"148",1401,10.4
"149",1443,10.3
"150",1420,8.5
"151",1422,10.3
"152",1416,10
"153",1429,8.9
"154",1377,14.2
"155",1406,9.4
"156",1342,8.5
"157",1331,14.4
"158",1380,7.7
"159",1311,13.8
"160",1319,13.3
"161",1402,6.3
"162",1379,11.3
"163",1420,13.9
"164",1441,11.7
"165",1326,7.1
"166",1414,13.9
"167",1397,11.9
"168",1397,7.2
"169",1399,8.4
"170",1407,12.8
"171",1395,9.6
"172",1415,10.1
"173",1352,13.5
"174",1439,8.8
"175",1414,12.8
"176",1446,9.7
"177",1402,5
"178",1395,5.5
"179",1389,13.9
"180",1469,7
"181",1354,8
"182",1398,9.3
"183",1420,6.3
"184",1363,15
"185",1332,13.2
"186",1370,11.9
"187",1320,9
"188",1390,10
"189",1457,13.3
"190",1381,10.1
"191",1403,13.1
"192",1424,12.2
"193",1438,12.5
"194",1341,14
"195",1377,10.4
"196",1383,6.4
"197",1426,9.9
"198",1406,6
"199",1400,10.2
"200",1337,13.5
"201",1393,13
"202",1395,10.3
"203",1447,7
"204",1332,8.6
"205",1392,9.8
"206",1371,8.9
"207",1371,12.6
"208",1335,15
"209",1327,9.2
"210",1375,11.3
"211",1416,11.8
"212",1352,8.1
"213",1365,7.4
"214",1343,13.3
"215",1391,12
"216",1314,9.8
"217",1359,9.6
"218",1385,7.9
"219",1347,15.1
"220",1336,12.7
"221",1343,9.7
"222",1396,9
"223",1314,8.7
"224",1448,17.1
"225",1468,12.7
"226",1384,7
"227",1353,10.6
"228",1468,11.8
"229",1372,13.5
"230",1412,6.9
"231",1423,11.8
"232",1386,11.9
"233",1410,11.9
"234",1336,13.6
"235",1315,7.3
"236",1483,8.2
"237",1395,19.5
"238",1360,14
"239",1418,7.8
"240",1354,9.6
"241",1335,10.1
"242",1363,12.1
"243",1362,10
"244",1386,9.1
"245",1444,13.9
"246",1392,8.8
"247",1430,14.7
"248",1338,7.5
"249",1303,7.5
"250",1337,11.8
"251",1374,8.9
"252",1400,10.1
"253",1379,11.6
"254",1393,14
"255",1349,8.2
"256",1389,10.3
"257",1440,4.3
"258",1422,14
"259",1336,7.7
"260",1423,15.9
"261",1396,10.8
"262",1405,11.3
"263",1372,10
"264",1386,13.9
"265",1382,12.1
"266",1367,10.4
"267",1404,9.1
"268",1321,8
"269",1447,4.7
"270",1318,12.1
"271",1348,11.7
"272",1354,10.4
"273",1340,11.6
"274",1338,14.1
"275",1384,10.6
"276",1390,13.5
"277",1366,12
"278",1367,13
"279",1439,8.9
"280",1431,15.1
"281",1423,12.4
"282",1380,12.6
"283",1412,12.6
"284",1457,15.2
"285",1407,9
"286",1366,10.1
"287",1427,13.6
"288",1370,7.5
"289",1417,9.3
"290",1377,13.7
"291",1362,12.3
"292",1325,14.7
"293",1488,10
"294",1501,11.1
"295",1408,6
"296",1364,12.4
"297",1425,12.5
"298",1373,11.6
"299",1369,9.2
"300",1382,8.6
"301",1417,13.7
"302",1361,17
"303",1423,8.2
"304",1377,10
"305",1394,13.9
"306",1424,5.3
"307",1359,12.2
"308",1427,12.3
"309",1434,12.6
"310",1334,14.1
"311",1356,10.7
"312",1432,10.5
"313",1354,14.5
"314",1374,4.9
"315",1367,10.3
"316",1437,12
"317",1408,13.1
"318",1352,9.9
"319",1363,10.4
"320",1417,11.5
"321",1275,12.7
"322",1356,10.6
"323",1356,12.7
"324",1412,7.9
"325",1435,12
"326",1367,7.9
"327",1373,8.2
"328",1387,8.4
"329",1441,8.8
"330",1398,12.6
"331",1393,9.3
"332",1400,8.4
"333",1396,13.2
"334",1411,7.1
"335",1364,14.1
"336",1423,11.8
"337",1360,15.7
"338",1387,6.7
"339",1383,11.4
"340",1358,14.3
"341",1431,10.2
"342",1417,11.5
"343",1355,13.5
"344",1385,10.4
"345",1396,11
"346",1393,12.1
"347",1399,6.3
"348",1465,5.9
"349",1378,13.6
"350",1414,14.5
"351",1361,16.5
"352",1346,6.4
"353",1399,15.1
"354",1362,10.2
"355",1400,6.5
"356",1430,10.5
"357",1419,9.4
"358",1393,9.6
"359",1386,12.1
"360",1373,7
"361",1323,12.5
"362",1409,11.8
"363",1336,9.6
"364",1378,9.5
"365",1343,10.9
"366",1485,7.6
"367",1451,11.3
"368",1383,10.1
"369",1399,7.9
"370",1356,9.9
"371",1407,6.1
"372",1368,8.8
"373",1425,10.9
"374",1343,13.8
"375",1328,4.6
"376",1424,5.1
"377",1342,10.6
"378",1387,9.7
"379",1409,10.5
"380",1350,9.7
"381",1394,8.8
"382",1350,8.3
"383",1364,8.3
"384",1437,11.8
"385",1348,8.3
"386",1451,12.8
"387",1317,12.8
"388",1335,8.1
"389",1455,6.1
"390",1412,7.6
"391",1378,15.7
"392",1358,12.4
"393",1349,9.5
"394",1407,10.5
"395",1428,8.8
"396",1379,9.3
"397",1445,11.5
"398",1339,15.3
"399",1437,13.5
"400",1403,5.9
"401",1393,15.6
"402",1424,16
"403",1349,12.7
"404",1331,13.7
"405",1402,9.7
"406",1281,6.6
"407",1344,7.7
"408",1371,8.5
"409",1419,15.1
"410",1373,14.6
"411",1397,4.7
"412",1385,12.2
"413",1382,9.1
"414",1391,8.7
"415",1379,8.4
"416",1420,7.8
"417",1396,14.9
"418",1428,12.3
"419",1356,11.4
"420",1428,9
"421",1377,10.2
"422",1377,13.5
"423",1393,16.4
"424",1408,10
"425",1331,9.1
"426",1398,7.1
"427",1459,7.1
"428",1436,11.9
"429",1335,11.6
"430",1385,7.9
"431",1419,11.7
"432",1436,9.9
"433",1451,8.9
"434",1370,12
"435",1362,15.8
"436",1410,13
"437",1369,10.8
"438",1435,10.1
"439",1419,8.7
"440",1377,8.2
"441",1339,10.9
"442",1439,12.3
"443",1321,9.4
"444",1408,10.1
"445",1384,8.2
"446",1391,10.5
"447",1379,8.4
"448",1379,7.2
"449",1453,9.5
"450",1327,9.7
"451",1409,13.2
"452",1359,8.2
"453",1393,9.8
"454",1375,13.1
"455",1348,6.1
"456",1430,9.7
"457",1440,8.4
"458",1304,6.3
"459",1376,12.1
"460",1432,9.6
"461",1334,9.1
"462",1373,9
"463",1386,7.8
"464",1310,6.9
"465",1365,13.5
"466",1397,12
"467",1365,9.6
"468",1392,10.6
"469",1383,11.8
"470",1390,13
"471",1297,8
"472",1402,11.3
"473",1420,8.4
"474",1348,9.1
"475",1390,10.6
"476",1381,7.7
"477",1465,12.7
"478",1399,11.7
"479",1312,9.8
"480",1407,7.8
"481",1422,7.1
"482",1413,9.9
"483",1389,9.1
"484",1393,9.6
"485",1383,11.1
"486",1344,7.4
"487",1348,10.2
"488",1430,12
"489",1376,11.7
"490",1370,8.6
"491",1366,11.3
"492",1449,9.9
"493",1514,10.8
"494",1465,10
"495",1402,11.7
"496",1368,10.5
"497",1293,12.1
"498",1351,13
"499",1452,11.9
"500",1370,10
"501",1413,10.4
"502",1385,12.5
"503",1419,14.9
"504",1418,13.8
"505",1394,12.4
"506",1337,14.1
"507",1340,13.2
"508",1427,13
"509",1415,11.5
"510",1405,13.3
"511",1396,12.7
"512",1369,9.2
"513",1440,11.2
"514",1385,13.1
"515",1411,9.3
"516",1431,13.6
"517",1469,13.1
"518",1395,8.5
"519",1322,10.6
"520",1368,11.7
"521",1432,12.5
"522",1402,4.9
"523",1374,5.2
"524",1419,11.8
"525",1400,7.5
"526",1386,8.3
"527",1370,7.8
"528",1402,12.9
"529",1402,9.6
"530",1361,10.7
"531",1406,9.2
"532",1399,12.8
"533",1403,8
"534",1409,13.9
"535",1350,11.3
"536",1378,6.3
"537",1419,10.1
"538",1424,12.4
"539",1380,9.7
"540",1410,7.2
"541",1370,14.2
"542",1313,8.9
"543",1421,13
"544",1381,11
"545",1417,14
"546",1376,8.8
"547",1450,7.5
"548",1400,4.3
"549",1409,8.6
"550",1403,7.8
"551",1407,7.6
"552",1436,9.5
"553",1409,13.6
"554",1347,11
"555",1380,13.9
"556",1435,10.8
"557",1338,9.7
"558",1347,10.7
"559",1457,6.7
"560",1397,11.6
"561",1385,11.4
"562",1378,14.2
"563",1315,8.8
"564",1409,10.6
"565",1340,11.6
"566",1349,12.1
"567",1410,13.1
"568",1422,14.3
"569",1337,9.3
"570",1429,13.6
"571",1368,12.5
"572",1419,6.1
"573",1429,13.9
"574",1341,9.8
"575",1349,8.4
"576",1342,7.1
"577",1405,8.6
"578",1430,9.4
"579",1385,10.9
"580",1346,10.7
"581",1384,9
"582",1333,8.8
"583",1372,15.6
"584",1483,11.6
"585",1366,14.2
"586",1367,10.3
"587",1416,11.8
"588",1389,15.4
"589",1426,8.8
"590",1359,10.8
"591",1414,14
"592",1440,10.8
"593",1364,11.5
"594",1372,11.3
"595",1377,8.1
"596",1416,12.2
"597",1378,13.1
"598",1430,9.4
"599",1425,12.8
"600",1357,11.8
"601",1409,11.2
"602",1431,9.1
"603",1377,13.6
"604",1357,6.7
"605",1396,14.1
"606",1415,14.3
"607",1359,14
"608",1412,13.5
"609",1377,8.8
"610",1369,8.8
"611",1449,13.4
"612",1378,11.8
"613",1442,14.9
"614",1411,11.3
"615",1395,10.1
"616",1398,7.8
"617",1362,9.7
"618",1398,11.2
"619",1388,13
"620",1439,10.6
"621",1378,11.3
"622",1388,12.7
"623",1305,9.7
"624",1357,14.1
"625",1397,9.4
"626",1452,10.6
"627",1392,13.1
"628",1368,13.7
"629",1415,13.4
"630",1433,10.6
"631",1405,12.1
"632",1350,9.8
"633",1410,12.1
"634",1277,12
"635",1394,14.2
"636",1373,13.3
"637",1360,8.7
"638",1417,10.5
"639",1374,5.7
"640",1469,15.4
"641",1421,11.5
"642",1432,14.2
"643",1345,8
"644",1370,11.5
"645",1413,8.5
"646",1405,10.4
"647",1397,10.6
"648",1410,15.7
"649",1433,9.8
"650",1311,12.9
"651",1426,8.7
"652",1381,13
"653",1445,10.8
"654",1379,12.6
"655",1397,10.1
"656",1384,14.8
"657",1426,5.7
"658",1365,16.5
"659",1371,11.1
"660",1352,9.5
"661",1398,9.8
"662",1334,9.2
"663",1366,11.4
"664",1444,8.7
"665",1411,9.1
"666",1326,9.3
"667",1393,10.3
"668",1373,11.6
"669",1421,10.9
"670",1342,12.9
"671",1303,10.1
"672",1418,6.8
"673",1401,9.4
"674",1408,11.9
"675",1369,7.4
"676",1352,15.1
"677",1394,11.1
"678",1416,10.1
"679",1314,13.7
"680",1373,9.8
"681",1437,11.3
"682",1365,14.2
"683",1422,8.8
"684",1398,8.5
"685",1338,14.2
"686",1387,6.8
"687",1375,13.6
"688",1506,12.9
"689",1376,12.3
"690",1436,14.5
"691",1371,6.7
"692",1396,10.9
"693",1366,10.3
"694",1404,10.1
"695",1382,7.8
"696",1432,7.3
"697",1394,8.1
"698",1428,16.1
"699",1379,11.1
"700",1375,13.4
"701",1424,8.1
"702",1454,16.4
"703",1391,12.3
"704",1352,11.8
"705",1483,11.3
"706",1370,14.2
"707",1366,10.6
"708",1446,12.4
"709",1393,12.7
"710",1403,8.5
"711",1401,10.7
"712",1399,13
"713",1422,17.5
"714",1420,8
"715",1412,10.1
"716",1393,13.1
"717",1438,15
"718",1380,10.8
"719",1375,10.7
"720",1378,8.5
"721",1397,7.8
"722",1369,9.6
"723",1436,10
"724",1391,8.5
"725",1403,11.9
"726",1397,10.4
"727",1404,8.7
"728",1308,12
"729",1385,8.7
"730",1429,8.4
"731",1420,16.3
"732",1387,15
"733",1346,8.9
"734",1334,10.6
"735",1378,11.5
"736",1388,12
"737",1363,11.7
"738",1451,13.5
"739",1348,11.2
"740",1435,12.4
"741",1365,13.8
"742",1442,11.7
"743",1457,15.7
"744",1355,12.4
"745",1378,16
"746",1359,14.2
"747",1420,11.5
"748",1402,11.3
"749",1432,10.9
"750",1438,12.9
"751",1315,8.4
"752",1399,13.5
"753",1429,7.2
"754",1465,13.4
"755",1398,9.6
"756",1378,10.5
"757",1502,11.5
"758",1396,8.8
"759",1397,9.2
"760",1355,6.5
"761",1390,13
"762",1454,4.1
"763",1381,12.6
"764",1423,11.6
"765",1379,17.8
"766",1380,5.8
"767",1391,9.9
"768",1435,14.3
"769",1404,11.4
"770",1373,10.7
"771",1402,8.7
"772",1321,8.9
"773",1324,13.7
"774",1431,8.5
"775",1368,8
"776",1412,7.4
"777",1362,8.5
"778",1435,9.1
"779",1373,7.6
"780",1365,8.6
"781",1385,6.2
"782",1434,11.5
"783",1444,13.4
"784",1386,14.1
"785",1406,11.6
"786",1403,16
"787",1405,11.2
"788",1425,14.1
"789",1342,14.6
"790",1359,12.5
"791",1421,9.2
"792",1354,11.6
"793",1363,15.4
"794",1407,16
"795",1380,13.7
"796",1356,13.8
"797",1424,18.2
"798",1399,11.1
"799",1386,9.3
"800",1436,9.9
"801",1456,11.1
"802",1406,14.7
"803",1355,8.1
"804",1465,11.7
"805",1541,28.3
"806",1404,6.9
"807",1427,15.8
"808",1423,17.4
"809",1371,10.8
"810",1380,7.5
"811",1402,8.4
"812",1408,11.2
"813",1470,14.1
"814",1434,11.4
"815",1397,9.4
"816",1379,13.8
"817",1419,11
"818",1389,11.7
"819",1365,8.6
"820",1334,11.4
"821",1364,16.7
"822",1360,10.7
"823",1419,8.4
"824",1313,8.8
"825",1437,16.4
"826",1457,8.6
"827",1439,11.4
"828",1416,9.4
"829",1392,5.7
"830",1355,5.9
"831",1423,11.7
"832",1460,10.6
"833",1357,11.5
"834",1426,9.9
"835",1392,9.8
"836",1407,10
"837",1404,9.1
"838",1413,12.9
"839",1378,11.5
"840",1399,11.3
"841",1365,9.2
"842",1388,6
"843",1436,6.7
"844",1351,7.1
"845",1310,10.1
"846",1353,12.1
"847",1412,9.3
"848",1436,11.9
"849",1336,8.3
"850",1343,11.1
"851",1386,9.2
"852",1388,9.8
"853",1389,11.1
"854",1394,9.3
"855",1405,9.7
"856",1373,12.5
"857",1363,8
"858",1334,11.4
"859",1255,12.8
"860",1434,10.1
"861",1447,11.6
"862",1383,9.8
"863",1389,9.4
"864",1436,7.8
"865",1328,17.8
"866",1414,9.3
"867",1359,8.3
"868",1397,12.4
"869",1420,10.7
"870",1382,10.6
"871",1454,12.2
"872",1374,12.7
"873",1402,10.6
"874",1378,12.4
"875",1450,9.6
"876",1372,11.9
"877",1283,7.5
"878",1459,12
"879",1394,7.8
"880",1385,9.3
"881",1351,10.5
"882",1391,11.6
"883",1434,8.6
"884",1414,10
"885",1416,13.7
"886",1343,10.5
"887",1353,10.8
"888",1378,7.1
"889",1449,7.6
"890",1338,10.5
"891",1391,9.1
"892",1336,11.3
"893",1426,14.1
"894",1439,16.1
"895",1402,14.7
"896",1354,11.5
"897",1409,12.1
"898",1362,11
"899",1314,9.4
"900",1426,8.2
"901",1368,11.1
"902",1387,11.3
"903",1396,14.9
"904",1343,13.6
"905",1426,12.8
"906",1431,16.8
"907",1320,13.1
"908",1362,12.4
"909",1362,13.7
"910",1391,14.2
"911",1414,10.6
"912",1368,8.3
"913",1344,17.8
"914",1339,8.5
"915",1399,20.4
"916",1408,8.9
"917",1373,10.2
"918",1378,9
"919",1456,14.7
"920",1394,10.4
"921",1387,9.3
"922",1340,11.2
"923",1366,13.1
"924",1328,10.4
"925",1431,10.5
"926",1431,11.5
"927",1376,12.9
"928",1370,18.8
"929",1392,8.3
"930",1343,8.8
"931",1397,13.6
"932",1410,11.4
"933",1385,13.9
"934",1392,9.7
"935",1385,10.7
"936",1408,9.1
"937",1413,10.6
"938",1416,8.6
"939",1458,14
"940",1374,13.1
"941",1376,8.9
"942",1347,12.8
"943",1420,9.3
"944",1374,6.6
"945",1417,8.7
"946",1412,9.1
"947",1349,11.1
"948",1397,12.2
"949",1345,10.1
"950",1338,14.4
"951",1371,10.1
"952",1429,13.9
"953",1375,11.7
"954",1421,10.5
"955",1386,13
"956",1339,12
"957",1420,8.4
"958",1374,13.9
"959",1348,11.1
"960",1361,11
"961",1374,10.5
"962",1375,11.4
"963",1426,14.4
"964",1423,10.5
"965",1381,4.8
"966",1322,15.7
"967",1363,9.9
"968",1397,13
"969",1374,17.4
"970",1317,9.9
"971",1416,11.1
"972",1400,16.3
"973",1437,15.9
"974",1366,10
"975",1378,14.2
"976",1360,8.4
"977",1341,8.1
"978",1381,12.6
"979",1425,10.9
"980",1376,12.5
"981",1356,11.9
"982",1423,11.6
"983",1417,7.8
"984",1431,10.3
"985",1382,10.3
"986",1443,11.8
"987",1351,13.6
"988",1389,11.3
"989",1428,10.7
"990",1377,7.9
"991",1406,6.1
"992",1391,10.8
"993",1418,13.6
"994",1421,10.5
"995",1416,12
"996",1353,8.4
"997",1376,14.5
"998",1370,13.6
"999",1354,5
"1000",1356,14.8
"1001",1374,11.4
"1002",1391,12.8
"1003",1399,18.3
"1004",1486,9.6
"1005",1357,11.9
"1006",1384,13.5
"1007",1353,8.9
"1008",1346,12.7
"1009",1375,8.3
"1010",1424,10.1
"1011",1363,10.5
"1012",1397,12.9
"1013",1416,16.2
"1014",1328,12.8
"1015",1398,8.2
"1016",1441,9.6
"1017",1418,9.2
"1018",1403,15.5
"1019",1369,14.3
"1020",1431,13.1
"1021",1381,11.4
"1022",1427,8.2
"1023",1403,12.9
"1024",1439,15.7
"1025",1365,5.5
"1026",1389,8.6
"1027",1451,11.8
"1028",1409,12.4
"1029",1418,11
"1030",1397,6.1
"1031",1480,10.3
"1032",1434,8.8
"1033",1409,12.3
"1034",1343,11.4
"1035",1394,11.4
"1036",1372,10.7
"1037",1348,8.7
"1038",1326,13
"1039",1364,9.6
"1040",1432,7.9
"1041",1439,7.7
"1042",1343,14.4
"1043",1398,7
"1044",1462,10.4
"1045",1333,9.6
"1046",1409,15.1
"1047",1405,11.9
"1048",1365,15.5
"1049",1415,11.4
"1050",1376,11.7
"1051",1377,16.1
"1052",1375,9.9
"1053",1407,12.1
"1054",1359,10
"1055",1420,10.6
"1056",1373,19.1
"1057",1416,10
"1058",1394,11.3
"1059",1413,10.8
"1060",1453,13.3
"1061",1397,7.9
"1062",1422,13.3
"1063",1376,10.8
"1064",1411,8
"1065",1410,6.9
"1066",1367,12.4
"1067",1386,10.5
"1068",1405,13.9
"1069",1340,9.7
"1070",1385,13.8
"1071",1521,10.8
"1072",1428,8.8
"1073",1364,10.9
"1074",1407,9.6
"1075",1400,9.3
"1076",1426,9.9
"1077",1372,6.6
"1078",1350,13.9
"1079",1352,12
"1080",1395,13
"1081",1423,12
"1082",1448,12.4
"1083",1383,11.3
"1084",1393,10.1
"1085",1338,8.7
"1086",1352,8.2
"1087",1342,13.6
"1088",1363,6.8
"1089",1428,9.5
"1090",1353,16.5
"1091",1366,12.7
"1092",1425,13.6
"1093",1415,17.3
"1094",1382,11
"1095",1382,14.5
"1096",1334,7.3
"1097",1439,11.6
"1098",1378,8.5
"1099",1348,16.4
"1100",1499,5.5
"1101",1351,8.1
"1102",1352,16.3
"1103",1435,11.7
"1104",1398,8.2
"1105",1320,12.8
"1106",1398,12.4
"1107",1392,11.6
"1108",1319,7.6
"1109",1319,4.8
"1110",1381,8.2
"1111",1385,9.3
"1112",1462,11.7
"1113",1405,9.9
"1114",1429,9.2
"1115",1404,7.7
"1116",1378,12.8
"1117",1385,10.7
"1118",1434,7.7
"1119",1317,10
"1120",1378,17
"1121",1355,12.8
"1122",1435,13
"1123",1408,13.1
"1124",1378,11.6
"1125",1381,15.1
"1126",1453,13.8
"1127",1393,14
"1128",1385,15.7
"1129",1343,16.4
"1130",1370,11.6
"1131",1380,11.3
"1132",1373,10.3
"1133",1466,8.9
"1134",1400,11.6
"1135",1452,11.5
"1136",1275,9.9
"1137",1363,11.6
"1138",1398,10.3
"1139",1450,15.3
"1140",1326,11.2
"1141",1375,10.4
"1142",1394,8.3
"1143",1404,7.3
"1144",1365,8.3
"1145",1359,11.8
"1146",1368,9.5
"1147",1394,12.5
"1148",1420,9.3
"1149",1444,16.5
"1150",1461,12.1
"1151",1415,10.3
"1152",1370,9.1
"1153",1407,10.8
"1154",1405,9
"1155",1393,8.4
"1156",1414,13.2
"1157",1397,12.4
"1158",1450,11.5
"1159",1425,8.4
"1160",1329,9.7
"1161",1492,8.4
"1162",1354,10.5
"1163",1439,11.6
"1164",1420,11.1
"1165",1425,6.5
"1166",1374,8.8
"1167",1315,11.3
"1168",1373,9.6
"1169",1467,6
"1170",1454,8.8
"1171",1459,7.2
"1172",1414,11.6
"1173",1369,12.9
"1174",1355,13.5
"1175",1363,9
"1176",1424,13.2
"1177",1424,12.3
"1178",1389,7.8
"1179",1355,14
"1180",1428,13.5
"1181",1398,8.7
"1182",1368,8.9
"1183",1368,12.5
"1184",1426,7.4
"1185",1360,9.6
"1186",1339,9.6
"1187",1384,7
"1188",1371,7
"1189",1437,10.9
"1190",1455,11.9
"1191",1374,13.5
"1192",1379,14.3
"1193",1412,11.3
"1194",1424,10.1
"1195",1423,6.6
"1196",1404,10.9
"1197",1363,11
"1198",1352,8.2
"1199",1348,10.7
"1200",1363,13.3
"1201",1445,11.3
"1202",1411,10.7
"1203",1366,13.8
"1204",1362,13.7
"1205",1382,7.6
"1206",1441,9.5
"1207",1444,6.7
"1208",1427,11.8
"1209",1418,11.6
"1210",1321,12.3
"1211",1390,8.5
"1212",1419,11
"1213",1430,13.6
"1214",1375,13.9
"1215",1383,11.7
"1216",1424,6.7
"1217",1439,11.5
"1218",1396,11.6
"1219",1415,10.6
"1220",1404,7.1
"1221",1356,11.1
"1222",1360,8.5
"1223",1368,11.4
"1224",1434,11.4
"1225",1376,9.6
"1226",1360,9.8
"1227",1418,11.6
"1228",1418,6.6
"1229",1427,10.9
"1230",1383,6.5
"1231",1375,10.2
"1232",1452,11.7
"1233",1394,8.9
"1234",1378,10.4
"1235",1395,13.1
"1236",1401,12.1
"1237",1370,8.1
"1238",1398,9.3
"1239",1399,15.4
"1240",1336,10.2
"1241",1327,10.3
"1242",1416,11.5
"1243",1390,8.6
"1244",1325,10.5
"1245",1389,8.7
"1246",1375,10.7
"1247",1450,10.3
"1248",1436,11.7
"1249",1386,7.6
"1250",1456,14.2
"1251",1404,10.6
"1252",1391,17.2
"1253",1420,13.5
"1254",1327,12.9
"1255",1383,10
"1256",1360,9.6
"1257",1055,8.1
"1258",1404,13.9
"1259",1347,12.4
"1260",1390,11.8
"1261",1381,10.2
"1262",1418,13.7
"1263",1399,10.3
"1264",1416,5.2
"1265",1380,9
"1266",1343,14.2
"1267",1403,8.7
"1268",1362,11.7
"1269",1356,11.4
"1270",1358,11.9
"1271",1344,12.4
"1272",1335,6.3
"1273",1371,7.5
"1274",1324,8.6
"1275",1405,16.5
"1276",1308,13.9
"1277",1419,9
"1278",1417,12.9
"1279",1366,11.5
"1280",1403,12.5
"1281",1450,10.3
"1282",1321,9.3
"1283",1439,11
"1284",1375,6.6
"1285",1350,8.3
"1286",1369,11.6
"1287",1365,9.8
"1288",1418,10.7
"1289",1453,16.2
"1290",1420,9.3
"1291",1444,9.6
"1292",1418,11.9
"1293",1420,6.4
"1294",1405,10.8
"1295",1388,8
"1296",1326,12
"1297",1502,12.3
"1298",1364,8.7
"1299",1372,14.8
"1300",1365,12.1
"1301",1441,9.3
"1302",1384,14.1
"1303",1346,17.4
"1304",1421,11.6
"1305",1365,12.8
"1306",1437,10
"1307",1317,4.7
"1308",1362,8.1
"1309",1427,7.2
"1310",1369,9.7
"1311",1426,12.8
"1312",1375,14.1
"1313",1357,8.3
"1314",1459,9.6
"1315",1370,9.5
"1316",1368,9.9
"1317",1393,10.8
"1318",1399,12.5
"1319",1432,14.2
"1320",1401,10.6
"1321",1409,9
"1322",1330,10.3
"1323",1398,11.4
"1324",1347,9.9
"1325",1428,6.9
"1326",1431,9.5
"1327",1360,10.7
"1328",1420,11.2
"1329",1317,13.1
"1330",1302,9.6
"1331",1414,10.7
"1332",1492,9.1
"1333",1436,12
"1334",1404,9.7
"1335",1320,7.1
"1336",1424,12.8
"1337",1389,11.2
"1338",1412,11.1
"1339",1415,11.9
"1340",1361,15.8
"1341",1373,9.3
"1342",1443,11.9
"1343",1314,12.5
"1344",1364,9.5
"1345",1366,14.2
"1346",1408,12.3
"1347",1409,14.9
"1348",1416,11.9
"1349",1433,14.8
"1350",1351,14.1
"1351",1404,13.1
"1352",1438,12.4
"1353",1381,12.4
"1354",1370,11.5
"1355",1326,12.8
"1356",1436,8.9
"1357",1408,12.2
"1358",1432,9.7
"1359",1379,12.5
"1360",1384,12.4
"1361",1390,9.8
"1362",1402,13.1
"1363",1338,11.5
"1364",1387,10.4
"1365",1395,11.1
"1366",1407,11.6
"1367",1390,9.2
"1368",1447,7.6
"1369",1417,12.6
"1370",1399,10.1
"1371",1378,6.8
"1372",1381,11.8
"1373",1329,10.5
"1374",1413,12.6
"1375",1463,13.2
"1376",1408,12.1
"1377",1440,8.8
"1378",1421,12.4
"1379",1439,13.7
"1380",1422,5.1
"1381",1355,8.9
"1382",1427,14.2
"1383",1355,9.6
"1384",1322,7.6
"1385",1455,9.6
"1386",1416,14.1
"1387",1346,10.5
"1388",1364,6.2
"1389",1300,10.4
"1390",1334,12.5
"1391",1380,8.8
"1392",1406,16.2
"1393",1391,13.1
"1394",1399,13.1
"1395",1380,7.7
"1396",1407,13.5
"1397",1426,12.4
"1398",1405,13.7
"1399",1421,9.2
"1400",1448,6.4
"1401",1461,9.3
"1402",1401,11.2
"1403",1353,8.7
"1404",1412,10.1
"1405",1424,14.6
"1406",1389,15
"1407",1366,9.1
"1408",1466,10.9
"1409",1372,9.3
"1410",1400,15
"1411",1394,7
"1412",1406,8.5
"1413",1380,8.6
"1414",1413,15.8
"1415",1466,9.1
"1416",1426,11.2
"1417",1370,6.8
"1418",1395,11.3
"1419",1381,12.1
"1420",1418,13.8
"1421",1422,10.9
"1422",1427,8.6
"1423",1411,13.8
"1424",1418,14.9
"1425",1344,9
"1426",1468,13.2
"1427",1411,11
"1428",1350,14.3
"1429",1345,11.9
"1430",1376,14.2
"1431",1333,9.8
"1432",1352,13.3
"1433",1347,8.8
"1434",1390,7.9
"1435",1407,14.7
"1436",1439,10.9
"1437",1390,9.3
"1438",1404,10.3
"1439",1398,14.7
"1440",1380,10.1
"1441",1387,9.8
"1442",1450,12.9
"1443",1391,10.2
"1444",1313,13.6
"1445",1357,11.9
"1446",1409,10.7
"1447",1438,9.3
"1448",1446,10
"1449",1394,13.6
"1450",1383,11
"1451",1477,10.3
"1452",1349,14.6
"1453",1358,9.4
"1454",1380,10.1
"1455",1436,11.6
"1456",1406,10.7
"1457",1391,10
"1458",1456,9.4
"1459",1480,12.9
"1460",1353,9.4
"1461",1407,10.4
"1462",1400,15.4
"1463",1326,11.2
"1464",1406,10.4
"1465",1326,6.3
"1466",1400,8.3
"1467",1427,11.3
"1468",1399,7.9
"1469",1382,14.2
"1470",1363,11.2
"1471",1387,7.5
"1472",1414,13.7
"1473",1413,10.7
"1474",1386,10.4
"1475",1360,9.5
"1476",1396,16.9
"1477",1377,12.2
"1478",1386,7.7
"1479",1393,13.3
"1480",1353,10.9
"1481",1309,9.2
"1482",1361,15.3
"1483",1382,17.2
"1484",1411,7.9
"1485",1337,8.4
"1486",1420,13.4
"1487",1457,9.4
"1488",1342,11
"1489",1400,14.3
"1490",1384,14.7
"1491",1443,7.5
"1492",1459,14
"1493",1426,7.2
"1494",1337,11.3
"1495",1342,9.3
"1496",1356,8.3
"1497",1392,13.6
"1498",1403,10.7
"1499",1438,8.4
"1500",1372,15.2
"1501",1382,10.9
"1502",1337,14.5
"1503",1396,10.2
"1504",1312,8.5
"1505",1415,12.4
"1506",1377,11.3
"1507",1352,11
"1508",1343,15.8
"1509",1419,8.3
"1510",1385,9.5
"1511",1358,12.3
"1512",1446,4.8
"1513",1417,11
"1514",1451,9.2
"1515",1407,7.9
"1516",1446,14.6
"1517",1403,14.4
"1518",1387,10
"1519",1387,9.6
"1520",1367,15.2
"1521",1377,10.7
"1522",1399,7.4
"1523",1512,8
"1524",1433,6.8
"1525",1443,9.7
"1526",1411,10.6
"1527",1422,5.3
"1528",1357,9.8
"1529",1456,10.8
"1530",1433,10.8
"1531",1356,7.6
"1532",1369,8.8
"1533",1457,8.8
"1534",1404,7.9
"1535",1369,10.2
"1536",1426,10.7
"1537",1410,9
"1538",1401,9.3
"1539",1410,9.8
"1540",1423,12.1
"1541",1361,12.2
"1542",1376,9.1
"1543",1301,13.3
"1544",1358,10
"1545",1411,8.5
"1546",1392,17.4
"1547",1404,8.7
"1548",1452,10.6
"1549",1398,9.1
"1550",1382,12.9
"1551",1327,13.2
"1552",1387,10.9
"1553",1367,11.7
"1554",1410,11.4
"1555",1334,10
"1556",1400,13.1
"1557",1298,7.6
"1558",1439,13
"1559",1403,9.3
"1560",1455,9.7
"1561",1417,11.4
"1562",1444,11.1
"1563",1362,14.3
"1564",1406,13.4
"1565",1374,8.4
"1566",1359,10.5
"1567",1375,9.7
"1568",1392,12.8
"1569",1405,12.3
"1570",1340,12.9
"1571",1407,12.4
"1572",1312,8
"1573",1381,7
"1574",1404,6.7
"1575",1368,9.1
"1576",1394,13.4
"1577",1446,10.3
"1578",1450,11.1
"1579",1418,20.5
"1580",1506,9.6
"1581",1440,13.8
"1582",1390,12.6
"1583",1346,12.7
"1584",1325,10
"1585",1370,9.9
"1586",1464,11.3
"1587",1364,10.9
"1588",1415,12.5
"1589",1423,8.6
"1590",1432,13.2
"1591",1447,14.4
"1592",1393,9.5
"1593",1427,14.9
"1594",1399,8.9
"1595",1370,10.8
"1596",1418,15.6
"1597",1457,10.3
"1598",1434,13.1
"1599",1411,12
"1600",1456,7.3
"1601",1403,8.6
"1602",1419,11.2
"1603",1327,8.6
"1604",1432,11.9
"1605",1317,10.5
"1606",1368,10.6
"1607",1394,11.1
"1608",1380,10.9
"1609",1378,10.8
"1610",1414,8.4
"1611",1375,11.8
"1612",1399,9.1
"1613",1428,10
"1614",1409,8.6
"1615",1422,11.9
"1616",1355,13.6
"1617",1387,13.1
"1618",1418,10.5
"1619",1478,13.4
"1620",1384,8.8
"1621",1354,8.3
"1622",1427,5.8
"1623",1347,8.4
"1624",1387,14.9
"1625",1463,10.6
"1626",1366,12.4
"1627",1447,10.9
"1628",1421,9.2
"1629",1441,6.7
"1630",1401,11.7
"1631",1473,12.7
"1632",1408,10.8
"1633",1395,10.1
"1634",1411,12.9
"1635",1432,13.1
"1636",1383,13.9
"1637",1437,10.2
"1638",1400,11.2
"1639",1391,9
"1640",1444,10.2
"1641",1478,13.3
"1642",1457,9
"1643",1352,10.9
"1644",1464,11.6
"1645",1385,12.8
"1646",1444,5.6
"1647",1421,10.4
"1648",1413,14.8
"1649",1400,13.7
"1650",1394,12.9
"1651",1401,11
"1652",1305,14.2
"1653",1390,6.2
"1654",1387,10.1
"1655",1394,13.1
"1656",1393,11.5
"1657",1405,11.9
"1658",1339,15.7
"1659",1387,16.1
"1660",1356,12.5
"1661",1351,13.1
"1662",1400,8.9
"1663",1363,9.2
"1664",1388,7.9
"1665",1462,9.3
"1666",1372,9.3
"1667",1439,9.4
"1668",1350,7.7
"1669",1419,5.3
"1670",1417,9.5
"1671",1439,6.5
"1672",1407,10.6
"1673",1436,8
"1674",1478,9.8
"1675",1432,6.2
"1676",1410,10.7
"1677",1432,13.5
"1678",1445,10.9
"1679",1350,8.6
"1680",1463,7.4
"1681",1395,11.6
"1682",1351,9.4
"1683",1409,11.5
"1684",1391,10.2
"1685",1419,13.3
"1686",1407,7.9
"1687",1410,9.2
"1688",1418,10.1
"1689",1379,16.2
"1690",1429,12.8
"1691",1442,12.4
"1692",1375,16.3
"1693",1328,15.1
"1694",1399,9.4
"1695",1401,15.1
"1696",1413,12.4
"1697",1349,12.8
"1698",1436,15.1
"1699",1411,13.7
"1700",1430,9.5
"1701",1399,11.5
"1702",1412,10.2
"1703",1405,9.3
"1704",1358,10.3
"1705",1411,8.5
"1706",1450,8
"1707",1352,14.9
"1708",1464,15.1
"1709",1377,11.6
"1710",1410,11
"1711",1360,14.7
"1712",1340,8.3
"1713",1446,13.2
"1714",1398,14.3
"1715",1376,10.3
"1716",1436,8.9
"1717",1428,11.2
"1718",1419,11
"1719",1423,13.8
"1720",1459,12.1
"1721",1427,16.3
"1722",1423,8.6
"1723",1343,9.9
"1724",1475,9
"1725",1400,13.7
"1726",1412,10
"1727",1382,10.4
"1728",1467,9.1
"1729",1381,8
"1730",1447,8.6
"1731",1427,11
"1732",1439,13.7
"1733",1443,14.1
"1734",1450,6.6
"1735",1351,10.3
"1736",1400,9.3
"1737",1383,4.9
"1738",1370,7.6
"1739",1429,12.7
"1740",1399,8.5
"1741",1461,12
"1742",1328,13.4
"1743",1366,8.6
"1744",1371,8.1
"1745",1395,10.7
"1746",1397,10.4
"1747",1356,9
"1748",1449,16
"1749",1433,12.1
"1750",1408,12.9
"1751",1430,13.7
"1752",1433,10.3
"1753",1416,11.6
"1754",1473,14.3
"1755",1366,16
"1756",1335,9.5
"1757",1437,9.8
"1758",1487,11
"1759",1436,13.8
"1760",1444,11.2
"1761",1383,9.3
"1762",1396,10.3
"1763",1410,13.8
"1764",1427,8.4
"1765",1425,6.4
"1766",1372,13.3
"1767",1416,15.5
"1768",1430,8.3
"1769",1382,7.9
"1770",1429,12.5
"1771",1456,19.3
"1772",1427,9.2
"1773",1361,7.4
"1774",1337,12.7
"1775",1375,13.6
"1776",1431,12.7
"1777",1434,13.6
"1778",1344,13.5
"1779",1389,10.8
"1780",1471,8.7
"1781",1431,14.5
"1782",1442,13.4
"1783",1406,8.4
"1784",1442,8.9
"1785",1404,6.7
"1786",1435,14.2
"1787",1350,14.3
"1788",1383,10.6
"1789",1312,9.5
"1790",1373,9.8
"1791",1432,8.7
"1792",1373,7.6
"1793",1431,11.5
"1794",1412,16.1
"1795",1384,5.7
"1796",1397,8
"1797",1353,10.4
"1798",1385,5.9
"1799",1435,8.3
"1800",1451,11.5
"1801",1429,10.7
"1802",1431,12.2
"1803",1375,12.7
"1804",1464,10.5
"1805",1388,6.5
"1806",1438,10.2
"1807",1442,12.6
"1808",1410,13.7
"1809",1409,8.3
"1810",1416,7.5
"1811",1395,11.2
"1812",1454,8.7
"1813",1403,14
"1814",1440,9.6
"1815",1381,11.2
"1816",1403,11.3
"1817",1429,10.1
"1818",1365,4.9
"1819",1456,12.4
"1820",1343,14.7
"1821",1413,13.7
"1822",1435,7.4
"1823",1349,11
"1824",1364,13.9
"1825",1408,6.9
"1826",1505,17.3
"1827",1406,10.7
"1828",1361,8.3
"1829",1361,11.4
"1830",1441,13.1
"1831",1456,11.8
"1832",1446,9.2
"1833",1379,10
"1834",1473,12.7
"1835",1392,13.1
"1836",1399,14.7
"1837",1423,5.7
"1838",1400,8.9
"1839",1387,7.4
"1840",1330,9.9
"1841",1364,14.6
"1842",1387,11.2
"1843",1431,12.9
"1844",1422,10.9
"1845",1366,8.2
"1846",1409,16.1
"1847",1475,8.3
"1848",1363,12.1
"1849",1357,6.7
"1850",1391,13.4
"1851",1421,16.9
"1852",1452,15.7
"1853",1404,13.6
"1854",1435,6.8
"1855",1390,6.5
"1856",1397,7.3
"1857",1374,16.2
"1858",1374,8.2
"1859",1417,7.7
"1860",1408,9.6
"1861",1430,9.7
"1862",1357,9
"1863",1377,9.3
"1864",1366,13.3
"1865",1432,9.4
"1866",1388,15.6
"1867",1429,11.5
"1868",1405,8.9
"1869",1407,9.6
"1870",1437,9.6
"1871",1404,13.3
"1872",1398,10.3
"1873",1432,11.3
"1874",1448,15.2
"1875",1390,12.6
"1876",1435,11
"1877",1446,7.6
"1878",1420,11.7
"1879",1454,12.7
"1880",1386,9.3
"1881",1441,8
"1882",1455,11.8
"1883",1491,12
"1884",1431,9.5
"1885",1390,13.6
"1886",1428,10.2
"1887",1407,11.5
"1888",1402,13.5
"1889",1382,14.5
"1890",1390,9.7
"1891",1414,9.9
"1892",1465,10.8
"1893",1414,13.9
"1894",1434,8.2
"1895",1347,7.1
"1896",1343,13.2
"1897",1410,15.3
"1898",1380,8.6
"1899",1375,12.5
"1900",1396,9.3
"1901",1368,10.2
"1902",1390,11.5
"1903",1389,11.5
"1904",1443,16.5
"1905",1411,9.9
"1906",1389,8.5
"1907",1476,12.5
"1908",1394,15.3
"1909",1409,10.1
"1910",1464,8.7
"1911",1425,9
"1912",1469,12.3
"1913",1410,12.3
"1914",1391,8
"1915",1379,8.9
"1916",1401,11.1
"1917",1420,14.3
"1918",1406,6.4
"1919",1368,3.9
"1920",1412,7.7
"1921",1414,19.3
"1922",1434,6.6
"1923",1453,11.5
"1924",1357,11.6
"1925",1432,10.6
"1926",1409,13.2
"1927",1423,11.9
"1928",1438,13.4
"1929",1448,9.2
"1930",1397,16.1
"1931",1362,12.7
"1932",1398,9.5
"1933",1430,12.9
"1934",1395,11.5
"1935",1435,8.1
"1936",1416,11.3
"1937",1410,11.1
"1938",1354,8.2
"1939",1391,9.4
"1940",1452,15
"1941",1422,14.5
"1942",1470,13.1
"1943",1423,14.4
"1944",1431,6.3
"1945",1371,10.9
"1946",1420,11
"1947",1409,8.2
"1948",1391,10.9
"1949",1467,9.8
"1950",1351,13
"1951",1433,15
"1952",1410,9.7
"1953",1435,14
"1954",1394,10.3
"1955",1376,8.8
"1956",1436,8.5
"1957",1423,13
"1958",1441,10.3
"1959",1383,8.2
"1960",1432,9
"1961",1417,15.3
"1962",1416,11.8
"1963",1428,10.1
"1964",1449,15.1
"1965",1409,12.9
"1966",1293,11
"1967",1392,7.3
"1968",1364,11.1
"1969",1413,8
"1970",1410,6.6
"1971",1380,6.9
"1972",1411,10.8
"1973",1412,9.6
"1974",1401,13.4
"1975",1422,15.7
"1976",1472,9.8
"1977",1407,10.3
"1978",1342,13.2
"1979",1466,13.7
"1980",1447,14.6
"1981",1442,9.4
"1982",1377,8.3
"1983",1372,11.5
"1984",1344,10
"1985",1503,12.7
"1986",1446,11.8
"1987",1424,11.6
"1988",1384,11
"1989",1417,11.8
"1990",1375,12.5
"1991",1455,13.1
"1992",1405,11.2
"1993",1395,11
"1994",1388,6.4
"1995",1353,14.2
"1996",1426,14.2
"1997",1408,12.8
"1998",1498,10.4
"1999",1436,11.5
"2000",1400,8.9
"2001",1366,12.1
"2002",1345,8.3
"2003",1416,14.6
"2004",1456,7.3
"2005",1437,12.2
"2006",1420,15.1
"2007",1401,11.7
"2008",1394,12.3
"2009",1406,13.6
"2010",1385,9.6
"2011",1440,15.6
"2012",1447,11.8
"2013",1421,9.2
"2014",1408,15.9
"2015",1393,11.6
"2016",1409,13.1
"2017",1437,9.5
"2018",1357,12.1
"2019",1463,11.9
"2020",1405,11.6
"2021",1449,9.1
"2022",1410,6.9
"2023",1414,11
"2024",1384,9.6
"2025",1448,12.8
"2026",1432,11.2
"2027",1427,12
"2028",1404,13.8
"2029",1391,10.1
"2030",1446,11.4
"2031",1455,16.4
"2032",1406,12.7
"2033",1402,8.5
"2034",1440,12.3
"2035",1349,9
"2036",1431,5.9
"2037",1387,13.1
"2038",1340,9.2
"2039",1424,11.3
"2040",1471,7.1
"2041",1431,12.6
"2042",1460,11.3
"2043",1478,8.7
"2044",1404,10.7
"2045",1364,12
"2046",1452,15.9
"2047",1399,12.8
"2048",1413,9
"2049",1424,12.2
"2050",1415,7.5
"2051",1442,8.3
"2052",1448,8.9
"2053",1427,14.2
"2054",1404,15.1
"2055",1451,10.1
"2056",1407,12.2
"2057",1470,5.6
"2058",1458,10.9
"2059",1419,6.4
"2060",1416,12.1
"2061",1347,9.2
"2062",1446,14.1
"2063",1345,9.1
"2064",1436,12.8
"2065",1397,8
"2066",1362,9.3
"2067",1437,12.7
"2068",1420,6.8
"2069",1346,13.7
"2070",1405,11.7
"2071",1396,15.2
"2072",1439,10
"2073",1444,14.6
"2074",1383,9.8
"2075",1407,11.8
"2076",1418,11.7
"2077",1454,6.1
"2078",1438,11.9
"2079",1387,14.8
"2080",1399,16
"2081",1349,8.1
"2082",1383,11.6
"2083",1426,9.6
"2084",1519,15.9
"2085",1376,10.4
"2086",1444,13
"2087",1397,9.7
"2088",1415,10.1
"2089",1450,8.6
"2090",1359,8.8
"2091",1390,13.4
"2092",1451,10.6
"2093",1387,10.5
"2094",1397,9.3
"2095",1372,11.2
"2096",1402,13.7
"2097",1420,8.7
"2098",1389,12.8
"2099",1453,8.8
"2100",1408,10.2
"2101",1416,10.3
"2102",1390,10.5
"2103",1462,7.2
"2104",1438,12.3
"2105",1380,8.6
"2106",1418,12.5
"2107",1341,8.5
"2108",1486,9.3
"2109",1405,16.1
"2110",1433,10.1
"2111",1483,15.5
"2112",1404,9.3
"2113",1456,7.1
"2114",1450,9.8
"2115",1396,10.4
"2116",1458,12.9
"2117",1418,6.5
"2118",1416,9.3
"2119",1428,11.1
"2120",1383,8.6
"2121",1407,12.9
"2122",1387,6.8
"2123",1405,13
"2124",1496,8.7
"2125",1458,7
"2126",1406,11.8
"2127",1421,6.6
"2128",1355,7.5
"2129",1381,14.7
"2130",1385,11
"2131",1435,8.3
"2132",1396,6.8
"2133",1401,4.5
"2134",1382,8.6
"2135",1439,14.8
"2136",1398,15.2
"2137",1408,11.1
"2138",1398,13.8
"2139",1477,7.4
"2140",1473,6.6
"2141",1419,9.6
"2142",1365,8.5
"2143",1368,14.4
"2144",1404,9
"2145",1408,12.9
"2146",1427,14.4
"2147",1455,11.6
"2148",1454,8.2
"2149",1385,14.1
"2150",1414,10.8
"2151",1450,8.9
"2152",1364,9.6
"2153",1384,8.1
"2154",1342,12.4
"2155",1405,7.4
"2156",1448,11
"2157",1464,12
"2158",1404,12.4
"2159",1479,17.1
"2160",1367,10.9
"2161",1378,15.4
"2162",1466,12.6
"2163",1418,9.9
"2164",1435,12.8
"2165",1426,12.8
"2166",1456,8.2
"2167",1415,8.4
"2168",1385,12.1
"2169",1327,11.1
"2170",1405,9.7
"2171",1374,8
"2172",1449,13.3
"2173",1414,11.9
"2174",1419,12.7
"2175",1391,12.4
"2176",1410,8.5
"2177",1400,14.9
"2178",1463,10.6
"2179",1413,7.1
"2180",1389,10.4
"2181",1359,11.5
"2182",1435,13.7
"2183",1453,12.1
"2184",1375,11.1
"2185",1373,5.5
"2186",1359,11.9
"2187",1411,8.4
"2188",1446,12.2
"2189",1363,10.5
"2190",1407,12.3
"2191",1398,14.4
"2192",1503,9.9
"2193",1381,7.1
"2194",1385,12.2
"2195",1369,11.1
"2196",1413,10.1
"2197",1390,11.1
"2198",1409,12.5
"2199",1436,9.6
"2200",1442,12.7
"2201",1449,11
"2202",1367,10.2
"2203",1376,9.5
"2204",1397,9.7
"2205",1383,10.1
"2206",1390,13.5
"2207",1447,11.3
"2208",1377,11.6
"2209",1394,6.9
"2210",1357,13.1
"2211",1396,12.6
"2212",1407,15.1
"2213",1500,7.8
"2214",1444,11.2
"2215",1423,13.1
"2216",1418,15.2
"2217",1404,7.9
"2218",1381,15.8
"2219",1434,13.8
"2220",1393,10.9
"2221",1409,10.5
"2222",1441,11.5
"2223",1367,11.8
"2224",1428,11
"2225",1404,7.4
"2226",1417,9.7
"2227",1374,11.9
"2228",1441,11.9
"2229",1405,3.9
"2230",1424,11.7
"2231",1333,14
"2232",1375,14.2
"2233",1367,8.2
"2234",1440,12
"2235",1446,12.1
"2236",1385,9.9
"2237",1352,12.7
"2238",1352,8.8
"2239",1400,8.9
"2240",1413,9.1
"2241",1455,8.3
"2242",1414,12.3
"2243",1416,10.6
"2244",1435,11.5
"2245",1334,11
"2246",1410,8.3
"2247",1443,7.7
"2248",1424,7.6
"2249",1390,11.5
"2250",1475,11.6
"2251",1374,11.8
"2252",1352,10.1
"2253",1417,8.7
"2254",1412,9.1
"2255",1447,12.2
"2256",1436,11.5
"2257",1415,14
"2258",1388,12.9
"2259",1382,10.1
"2260",1460,9.3
"2261",1416,12.6
"2262",1431,15.9
"2263",1424,15.8
"2264",1335,8.7
"2265",1369,10.2
"2266",1443,15.4
"2267",1404,8.7
"2268",1480,9.8
"2269",1335,9
"2270",1438,11
"2271",1386,8
"2272",1391,7.8
"2273",1435,9.6
"2274",1389,13.4
"2275",1351,11.4
"2276",1413,7.4
"2277",1397,12.3
"2278",1331,10.5
"2279",1407,7.2
"2280",1348,8.7
"2281",1420,7.3
"2282",1444,8.7
"2283",1456,12.5
"2284",1408,11.8
"2285",1478,9.2
"2286",1338,7.7
"2287",1449,11.2
"2288",1429,14.2
"2289",1477,10.8
"2290",1339,11.1
"2291",1368,9.7
"2292",1437,6.4
"2293",1366,5.3
"2294",1482,6.8
"2295",1352,13.9
"2296",1457,9.3
"2297",1398,6.9
"2298",1372,13.7
"2299",1441,8.8
"2300",1384,7.1
"2301",1366,11.7
"2302",1420,11.2
"2303",1378,12.6
"2304",1437,9.1
"2305",1387,10.7
"2306",1408,11.3
"2307",1409,8.8
"2308",1378,13.8
"2309",1374,11
"2310",1455,8.9
"2311",1387,9.3
"2312",1448,16.1
"2313",1434,13.8
"2314",1439,9.4
"2315",1423,10.8
"2316",1441,9.5
"2317",1378,7.3
"2318",1346,12.9
"2319",1376,6.3
"2320",1346,10.3
"2321",1345,16.1
"2322",1345,9.4
"2323",1448,13.6
"2324",1384,10.3
"2325",1385,8.6
"2326",1380,9.4
"2327",1337,6.5
"2328",1437,10.6
"2329",1396,6.9
"2330",1369,15.6
"2331",1343,9.7
"2332",1388,8.8
"2333",1391,9.2
"2334",1395,12.4
"2335",1431,10.6
"2336",1337,9.4
"2337",1352,8.9
"2338",1373,8.7
"2339",1441,11.5
"2340",1349,9.7
"2341",1381,9.9
"2342",1399,10
"2343",1422,6.7
"2344",1419,13.8
"2345",1405,6.7
"2346",1408,8.5
"2347",1433,8.6
"2348",1422,5.1
"2349",1344,7.9
"2350",1407,14.3
"2351",1445,10.6
"2352",1326,10.9
"2353",1418,11.8
"2354",1407,10.5
"2355",1447,8.3
"2356",1402,11.5
"2357",1450,10.5
"2358",1386,15.1
"2359",1422,9.3
"2360",1402,12.8
"2361",1425,9.8
"2362",1370,10
"2363",1412,7.8
"2364",1512,11.2
"2365",1424,14
"2366",1423,11.9
"2367",1438,12.2
"2368",1411,13
"2369",1459,11.2
"2370",1471,8.1
"2371",1419,14
"2372",1400,8.6
"2373",1354,12.7
"2374",1470,10.7
"2375",1330,9.3
"2376",1434,9.3
"2377",1381,5
"2378",1383,6.5
"2379",1439,12.5
"2380",1396,12.8
"2381",1422,12.3
"2382",1413,14.1
"2383",1382,19
"2384",1355,12.1
"2385",1353,8.4
"2386",1365,14.3
"2387",1373,10.7
"2388",1401,9.8
"2389",1449,17.2
"2390",1437,11.4
"2391",1379,11.2
"2392",1388,12.3
"2393",1452,11.5
"2394",1448,10.3
"2395",1403,12.5
"2396",1405,15.7
"2397",1404,11.5
"2398",1347,16.9
"2399",1397,6.3
"2400",1383,15.1
"2401",1432,12.6
"2402",1461,8.6
"2403",1464,12.3
"2404",1381,8.6
"2405",1343,16
"2406",1424,11.5
"2407",1440,14.8
"2408",1402,6.4
"2409",1457,6.1
"2410",1402,14.7
"2411",1340,10.1
"2412",1365,11.7
"2413",1395,11.2
"2414",1422,8.8
"2415",1351,9.3
"2416",1399,8.4
"2417",1422,7.3
"2418",1388,9.1
"2419",1371,10
"2420",1334,9.1
"2421",1397,6.4
"2422",1413,8.5
"2423",1380,7.4
"2424",1373,8.7
"2425",1443,13.5
"2426",1413,8.1
"2427",1481,10.6
"2428",1353,13.6
"2429",1401,6.9
"2430",1418,5.6
"2431",1405,13.3
"2432",1376,15.7
"2433",1379,10.1
"2434",1421,14
"2435",1423,7.9
"2436",1453,8.1
"2437",1403,6.3
"2438",1416,9.7
"2439",1367,9.9
"2440",1409,12
"2441",1422,11.3
"2442",1338,8.5
"2443",1458,10.8
"2444",1404,9.4
"2445",1426,9.8
"2446",1375,17
"2447",1391,10.6
"2448",1468,11.2
"2449",1359,12.4
"2450",1369,12.1
"2451",1398,9.6
"2452",1393,10.3
"2453",1408,16.3
"2454",1406,9.3
"2455",1362,16.2
"2456",1457,10.6
"2457",1448,14.9
"2458",1406,14.5
"2459",1473,6.8
"2460",1501,10.5
"2461",1418,8
"2462",1444,6.7
"2463",1477,9.1
"2464",1417,12.8
"2465",1442,8.2
"2466",1377,11.4
"2467",1421,8.5
"2468",1354,13
"2469",1454,10.9
"2470",1385,12.7
"2471",1423,9.7
"2472",1429,12.2
"2473",1434,10.2
"2474",1448,11.1
"2475",1434,12.7
"2476",1352,11.9
"2477",1419,9
"2478",1368,11.5
"2479",1412,9.7
"2480",1442,13.4
"2481",1386,5.7
"2482",1355,15.5
"2483",1404,8
"2484",1446,11.6
"2485",1412,8.3
"2486",1435,10.5
"2487",1361,12.9
"2488",1389,11.2
"2489",1443,9.8
"2490",1403,11.3
"2491",1403,12.7
"2492",1405,9.2
"2493",1364,12.3
"2494",1422,9.4
"2495",1407,10.4
"2496",1398,8.7
"2497",1402,9.6
"2498",1317,10.3
"2499",1425,11.3
"2500",1373,11.4
"2501",1520,11.9
"2502",1352,7.2
"2503",1307,11.5
"2504",1379,11.3
"2505",1454,8.9
"2506",1383,11.6
"2507",1409,10.9
"2508",1460,14.3
"2509",1459,6.5
"2510",1405,9.5
"2511",1371,10.3
"2512",1353,4.8
"2513",1395,8.9
"2514",1416,13.4
"2515",1320,9.7
"2516",1385,11.9
"2517",1439,12.4
"2518",1328,16.4
"2519",1386,9.9
"2520",1344,9.9
"2521",1406,13.1
"2522",1419,9.1
"2523",1450,7.9
"2524",1454,13.3
"2525",1399,9.3
"2526",1396,9.7
"2527",1454,13.5
"2528",1422,7.7
"2529",1414,14.6
"2530",1372,9.2
"2531",1465,10.8
"2532",1404,11.7
"2533",1409,14.8
"2534",1417,14.1
"2535",1415,7.5
"2536",1373,11.5
"2537",1407,7.2
"2538",1421,12.1
"2539",1432,7.3
"2540",1380,12.3
"2541",1408,9.2
"2542",1366,13.9
"2543",1445,15.6
"2544",1470,11
"2545",1497,12.3
"2546",1418,8.1
"2547",1449,6.6
"2548",1389,9.9
"2549",1379,11.3
"2550",1447,8.7
"2551",1407,12.3
"2552",1424,10
"2553",1491,9
"2554",1432,9.9
"2555",1445,15.9
"2556",1478,6.9
"2557",1433,13.2
"2558",1451,12.6
"2559",1379,9.9
"2560",1390,11.6
"2561",1379,12.9
"2562",1396,10.5
"2563",1393,16.8
"2564",1412,15
"2565",1372,16.7
"2566",1450,10.3
"2567",1428,9.2
"2568",1422,13.2
"2569",1443,11.3
"2570",1344,9.8
"2571",1392,3.6
"2572",1344,10.1
"2573",1435,9.7
"2574",1475,10.8
"2575",1450,12.9
"2576",1461,7.4
"2577",1394,11.1
"2578",1491,8.7
"2579",1405,12.2
"2580",1366,13.2
"2581",1428,12.7
"2582",1419,9
"2583",1425,12.8
"2584",1384,10.6
"2585",1385,8
"2586",1407,10.1
"2587",1283,9.1
"2588",1400,9
"2589",1394,9.9
"2590",1387,8.6
"2591",1347,12.9
"2592",1421,7.5
"2593",1372,8.8
"2594",1436,13.8
"2595",1412,10.2
"2596",1397,8.3
"2597",1407,12
"2598",1387,14
"2599",1395,11.9
"2600",1387,12.5
"2601",1414,11.8
"2602",1431,8.1
"2603",1397,12.9
"2604",1372,9.6
"2605",1413,12.6
"2606",1461,7.5
"2607",1428,7.3
"2608",1423,6.9
"2609",1363,9.3
"2610",1424,12.2
"2611",1394,12.4
"2612",1406,12.5
"2613",1375,5.9
"2614",1372,11.8
"2615",1437,15.2
"2616",1455,9.1
"2617",1449,9.8
"2618",1401,9.1
"2619",1441,14.3
"2620",1448,6.6
"2621",1357,16.5
"2622",1344,7.3
"2623",1382,11.5
"2624",1411,10.3
"2625",1422,14
"2626",1371,9.4
"2627",1425,17.4
"2628",1400,8.9
"2629",1369,14.1
"2630",1397,7.6
"2631",1432,12
"2632",1425,11.2
"2633",1331,8
"2634",1332,9
"2635",1416,11.8
"2636",1430,12.6
"2637",1397,10.4
"2638",1471,11.5
"2639",1442,5.9
"2640",1370,10.6
"2641",1405,9.1
"2642",1454,10
"2643",1416,13.1
"2644",1363,9.1
"2645",1418,19
"2646",1450,11.8
"2647",1451,12.3
"2648",1381,10.2
"2649",1403,12.2
"2650",1376,7.6
"2651",1352,14.3
"2652",1367,9
"2653",1430,10.7
"2654",1434,13.9
"2655",1444,9.5
"2656",1398,10.4
"2657",1412,12.6
"2658",1343,10.4
"2659",1404,11.4
"2660",1387,12.2
"2661",1419,8.1
"2662",1440,5.6
"2663",1421,11.2
"2664",1410,8.9
"2665",1397,9.2
"2666",1469,13.1
"2667",1449,5.1
"2668",1431,10.1
"2669",1337,9
"2670",1368,10.3
"2671",1386,14
"2672",1439,11.6
"2673",1414,9.5
"2674",1423,9.1
"2675",1408,9.2
"2676",1379,18
"2677",1456,7.4
"2678",1457,13.1
"2679",1409,11.6
"2680",1497,10.4
"2681",1360,12.6
"2682",1422,13.8
"2683",1444,10
"2684",1522,12.3
"2685",1443,12.9
"2686",1365,6.8
"2687",1412,12
"2688",1464,12.5
"2689",1422,13.5
"2690",1442,16.2
"2691",1386,11.1
"2692",1439,11.6
"2693",1410,13.3
"2694",1469,7.6
"2695",1414,13.2
"2696",1404,13.1
"2697",1414,11.7
"2698",1441,12.2
"2699",1442,11.9
"2700",1420,13.2
"2701",1414,15.7
"2702",1452,11.2
"2703",1444,9
"2704",1346,9
"2705",1348,11.3
"2706",1369,10.7
"2707",1413,10.1
"2708",1358,11.4
"2709",1538,10.1
"2710",1378,9.5
"2711",1488,9.8
"2712",1475,16.8
"2713",1395,13.4
"2714",1429,9.6
"2715",1451,14.8
"2716",1389,4
"2717",1432,10.6
"2718",1357,14.3
"2719",1404,9.3
"2720",1430,17.3
"2721",1344,12.1
"2722",1389,8.9
"2723",1396,14.3
"2724",1464,10.6
"2725",1410,14.1
"2726",1459,14.4
"2727",1380,8.4
"2728",1380,12
"2729",1366,11.5
"2730",1400,10.3
"2731",1416,7.1
"2732",1372,7.8
"2733",1488,15.9
"2734",1351,4.8
"2735",1463,11.4
"2736",1371,12.5
"2737",1389,7.9
"2738",1424,11.4
"2739",1424,9.9
"2740",1425,15.1
"2741",1318,10.8
"2742",1425,7
"2743",1419,10
"2744",1455,14
"2745",1348,13.5
"2746",1455,14
"2747",1416,11.2
"2748",1442,11.2
"2749",1424,17
"2750",1403,10.9
"2751",1390,7.9
"2752",1420,11.7
"2753",1417,8.1
"2754",1387,10.7
"2755",1463,12.2
"2756",1480,14.4
"2757",1438,12.9
"2758",1455,12.4
"2759",1458,7.8
"2760",1413,13.3
"2761",1372,19.1
"2762",1504,15.1
"2763",1390,11.3
"2764",1400,16.1
"2765",1385,13.7
"2766",1430,9.3
"2767",1392,10.2
"2768",1403,16.1
"2769",1405,14.6
"2770",1387,11.3
"2771",1420,10.9
"2772",1431,13.5
"2773",1355,14.6
"2774",1464,14
"2775",1398,9
"2776",1414,9.3
"2777",1442,9.8
"2778",1455,9.6
"2779",1378,10.8
"2780",1436,7.6
"2781",1375,14.9
"2782",1437,14.8
"2783",1439,7.2
"2784",1442,7.9
"2785",1460,17.2
"2786",1426,7.3
"2787",1404,12
"2788",1480,14.1
"2789",1371,13.8
"2790",1440,11.9
"2791",1385,5.4
"2792",1475,14.2
"2793",1424,18.3
"2794",1394,11.2
"2795",1439,11.1
"2796",1493,12.3
"2797",1471,11.5
"2798",1445,11.6
"2799",1443,9.5
"2800",1426,6.9
"2801",1430,12.2
"2802",1428,8.4
"2803",1373,10.1
"2804",1411,9
"2805",1451,9.2
"2806",1439,13.7
"2807",1385,11.1
"2808",1411,14.3
"2809",1360,13.9
"2810",1495,8.3
"2811",1402,10.9
"2812",1447,10.7
"2813",1443,16.5
"2814",1443,9.8
"2815",1439,10.2
"2816",1369,12
"2817",1482,9.5
"2818",1443,10.7
"2819",1426,7.5
"2820",1404,9.7
"2821",1383,10.6
"2822",1433,10
"2823",1333,6.4
"2824",1363,16.5
"2825",1483,8
"2826",1377,10.8
"2827",1399,13.9
"2828",1396,12
"2829",1368,10
"2830",1438,6.7
"2831",1382,14.3
"2832",1408,9.2
"2833",1385,11.5
"2834",1417,7.5
"2835",1351,12.9
"2836",1437,10
"2837",1463,13.5
"2838",1407,9.9
"2839",1416,9.7
"2840",1355,5.3
"2841",1421,10.6
"2842",1379,10.9
"2843",1403,11.3
"2844",1388,10.4
"2845",1396,13.2
"2846",1400,11.9
"2847",1406,12.3
"2848",1486,9.5
"2849",1383,8.9
"2850",1388,12.5
"2851",1369,9.6
"2852",1338,7.7
"2853",1408,11.5
"2854",1352,11.4
"2855",1439,11.4
"2856",1376,10.5
"2857",1370,10.5
"2858",1416,16.1
"2859",1408,14.5
"2860",1430,9.1
"2861",1361,9
"2862",1418,9.7
"2863",1433,13.5
"2864",1384,12.4
"2865",1413,12
"2866",1438,13.1
"2867",1471,10.2
"2868",1356,7.7
"2869",1456,8.7
"2870",1440,7.5
"2871",1425,7.9
"2872",1335,11
"2873",1392,12
"2874",1440,15.1
"2875",1395,11.2
"2876",1422,14.5
"2877",1404,7
"2878",1431,10.7
"2879",1394,9.6
"2880",1420,11.1
"2881",1403,9.4
"2882",1361,9.4
"2883",1470,5.9
"2884",1395,12.6
"2885",1417,11.3
"2886",1478,11.7
"2887",1343,6.1
"2888",1462,11.8
"2889",1415,11.9
"2890",1385,12.2
"2891",1357,13
"2892",1439,11.3
"2893",1392,8.4
"2894",1425,14.9
"2895",1435,6.6
"2896",1380,13.9
"2897",1369,13.6
"2898",1403,9.7
"2899",1399,13
"2900",1410,6.4
"2901",1392,8.4
"2902",1436,4.8
"2903",1397,4.9
"2904",1274,8.6
"2905",1369,13.6
"2906",1448,7.1
"2907",1379,7.6
"2908",1487,14.1
"2909",1406,14.3
"2910",1399,17.1
"2911",1418,7.8
"2912",1419,6.6
"2913",1364,10.4
"2914",1372,10.5
"2915",1455,7.7
"2916",1461,10.8
"2917",1457,12.2
"2918",1380,13.7
"2919",1397,8.7
"2920",1383,13.4
"2921",1335,10.6
"2922",1358,11.9
"2923",1412,12.1
"2924",1349,11
"2925",1390,9.5
"2926",1323,14.4
"2927",1353,9.6
"2928",1408,13.7
"2929",1473,9.8
"2930",1436,15.1
"2931",1393,7.3
"2932",1402,7.9
"2933",1420,9.1
"2934",1350,9.8
"2935",1440,16.1
"2936",1348,8.5
"2937",1373,10.8
"2938",1355,10.7
"2939",1371,8.3
"2940",1427,11.5
"2941",1380,12.4
"2942",1392,10
"2943",1417,9.1
"2944",1411,9.8
"2945",1316,7.7
"2946",1389,14.5
"2947",1391,9.9
"2948",1366,17.6
"2949",1413,15.9
"2950",1405,14.2
"2951",1422,11.1
"2952",1380,14.3
"2953",1340,9.4
"2954",1431,10.9
"2955",1384,9.1
"2956",1405,12.5
"2957",1419,13.1
"2958",1455,12.8
"2959",1411,13.7
"2960",1379,13.8
"2961",1466,11.7
"2962",1376,13.6
"2963",1388,13.2
"2964",1406,13.3
"2965",1384,15.1
"2966",1364,15.1
"2967",1418,8.8
"2968",1346,8.8
"2969",1347,9.7
"2970",1405,14.5
"2971",1356,4.4
"2972",1396,10.1
"2973",1422,9.1
"2974",1423,12.8
"2975",1397,11.1
"2976",1469,9.5
"2977",1406,7.8
"2978",1453,6.7
"2979",1344,9.6
"2980",1437,9.3
"2981",1384,14.7
"2982",1400,12
"2983",1393,8.2
"2984",1352,9.2
"2985",1399,13.3
"2986",1328,9.1
"2987",1428,12.6
"2988",1435,9.1
"2989",1362,7.5
"2990",1463,11
"2991",1472,10.9
"2992",1396,13.8
"2993",1360,12.8
"2994",1365,12.6
"2995",1394,10.8
"2996",1372,7.9
"2997",1421,14.1
"2998",1326,9.8
"2999",1389,14.6
"3000",1437,10.5
"3001",1481,10.6
"3002",1411,9.3
"3003",1421,10.4
"3004",1362,9.8
"3005",1476,10.6
"3006",1402,12.3
"3007",1441,12.2
"3008",1419,7.9
"3009",1399,16.6
"3010",1407,8.5
"3011",1370,7.9
"3012",1378,10.3
"3013",1450,8.1
"3014",1466,10.7
"3015",1436,9.7
"3016",1337,15.7
"3017",1387,12.4
"3018",1394,7.8
"3019",1394,9.8
"3020",1381,11
"3021",1386,8.3
"3022",1459,10.6
"3023",1375,7.1
"3024",1380,14.2
"3025",1408,13.6
"3026",1321,10.1
"3027",1412,10.4
"3028",1471,15
"3029",1375,7.6
"3030",1372,10.1
"3031",1442,12.3
"3032",1388,13.2
"3033",1352,8.2
"3034",1403,16.2
"3035",1379,12.8
"3036",1416,11.7
"3037",1349,12.3
"3038",1386,8.8
"3039",1446,10.4
"3040",1405,16.8
"3041",1400,12.8
"3042",1337,11.1
"3043",1376,15.2
"3044",1330,14.4
"3045",1401,10.4
"3046",1401,10.8
"3047",1395,8.1
"3048",1310,11.7
"3049",1474,8.9
"3050",1407,10.9
"3051",1401,15.5
"3052",1328,12.6
"3053",1335,7.2
"3054",1323,10.1
"3055",1364,9.4
"3056",1401,10
"3057",1362,11.6
"3058",1426,10.7
"3059",1350,7.9
"3060",1402,12.1
"3061",1410,7.7
"3062",1414,12.7
"3063",1382,12
"3064",1432,13
"3065",1434,11.1
"3066",1409,8.6
"3067",1381,7.3
"3068",1375,10.1
"3069",1412,12.5
"3070",1340,11.4
"3071",1381,18
"3072",1383,9.8
"3073",1451,7.2
"3074",1412,6.1
"3075",1370,16.5
"3076",1366,11.5
"3077",1395,4.7
"3078",1429,13
"3079",1387,12.4
"3080",1407,10.6
"3081",1396,11.1
"3082",1442,8.6
"3083",1405,8.8
"3084",1332,13
"3085",1380,8.6
"3086",1382,9.2
"3087",1457,9.5
"3088",1372,9.2
"3089",1384,11.1
"3090",1420,12.1
"3091",1481,11.2
"3092",1417,11.4
"3093",1441,10.5
"3094",1439,7.9
"3095",1367,9.5
"3096",1363,7.8
"3097",1425,6.5
"3098",1399,12
"3099",1373,8.4
"3100",1443,9.2
"3101",1387,8.4
"3102",1389,11.1
"3103",1358,10.4
"3104",1367,9.5
"3105",1340,9.9
"3106",1424,13.7
"3107",1456,13.6
"3108",1341,8.4
"3109",1437,8.4
"3110",1451,14.5
"3111",1409,9.6
"3112",1387,14.1
"3113",1392,16.8
"3114",1406,10.1
"3115",1357,4.5
"3116",1426,16.3
"3117",1400,10.2
"3118",1410,12.4
"3119",1395,8.6
"3120",1358,11.3
"3121",1413,4.2
"3122",1365,8.6
"3123",1363,5.6
"3124",1442,11.6
"3125",1411,13.1
"3126",1389,12.5
"3127",1357,6.3
"3128",1388,10.1
"3129",1438,11.8
"3130",1431,14.4
"3131",1358,11
"3132",1408,11.4
"3133",1368,6.3
"3134",1409,8.6
"3135",1357,13.9
"3136",1356,9.9
"3137",1411,9.7
"3138",1389,10.8
"3139",1420,9.5
"3140",1493,10.5
"3141",1387,7.8
"3142",1350,4.7
"3143",1393,11.3
"3144",1315,11.4
"3145",1366,16.6
"3146",1404,13.4
"3147",1410,13.9
"3148",1395,12.2
"3149",1415,10.2
"3150",1397,12.5
"3151",1299,9.6
"3152",1421,13.3
"3153",1401,11
"3154",1376,10.3
"3155",1382,10.9
"3156",1461,11.5
"3157",1440,12.2
"3158",1323,11.6
"3159",1424,10.6
"3160",1419,6.3
"3161",1424,10.2
"3162",1393,10.7
"3163",1435,8.8
"3164",1388,10.8
"3165",1311,11.6
"3166",1372,10.4
"3167",1421,9.5
"3168",1425,9.1
"3169",1414,11.2
"3170",1369,7.8
"3171",1363,9.3
"3172",1333,9.7
"3173",1383,8.3
"3174",1374,9.4
"3175",1349,11.3
"3176",1364,13.2
"3177",1426,8.4
"3178",1376,15.9
"3179",1393,10.4
"3180",1452,10
"3181",1402,12
"3182",1339,8.2
"3183",1388,14.4
"3184",1392,12.5
"3185",1312,9.8
"3186",1421,7.2
"3187",1421,18.9
"3188",1378,10.1
"3189",1406,9.6
"3190",1419,8.6
"3191",1431,7.5
"3192",1373,12.9
"3193",1449,9.5
"3194",1439,12.5
"3195",1377,5.9
"3196",1417,14.1
"3197",1500,11.6
"3198",1398,12.6
"3199",1403,8.6
"3200",1356,10.2
"3201",1412,9.5
"3202",1375,13.4
"3203",1436,12.2
"3204",1352,12.2
"3205",1425,16
"3206",1414,16.3
"3207",1403,7.1
"3208",1405,10
"3209",1410,11.6
"3210",1368,10.9
"3211",1412,12.7
"3212",1441,6.1
"3213",1390,10.3
"3214",1462,6.7
"3215",1412,11.7
"3216",1458,12.9
"3217",1450,9.9
"3218",1401,11.1
"3219",1424,9.8
"3220",1439,8
"3221",1457,16.5
"3222",1431,11.5
"3223",1428,15
"3224",1363,10.6
"3225",1423,13.6
"3226",1423,17.7
"3227",1415,5.4
"3228",1424,10
"3229",1434,8.5
"3230",1365,7.4
"3231",1345,11.1
"3232",1511,11.6
"3233",1385,10.2
"3234",1394,9.6
"3235",1373,14
"3236",1453,14.1
"3237",1394,9.1
"3238",1400,13.4
"3239",1496,10.9
"3240",1424,14.3
"3241",1381,10.6
"3242",1422,11.3
"3243",1449,9.8
"3244",1371,15
"3245",1453,12.3
"3246",1377,9.7
"3247",1427,12.5
"3248",1414,8.9
"3249",1488,8.4
"3250",1379,11.6
"3251",1378,16.1
"3252",1357,18.3
"3253",1339,7.3
"3254",1386,10.9
"3255",1351,9.9
"3256",1395,12.5
"3257",1396,8.9
"3258",1488,15.5
"3259",1404,11.7
"3260",1417,8
"3261",1429,13.2
"3262",1392,6.3
"3263",1385,10.4
"3264",1368,16.8
"3265",1398,10.5
"3266",1469,16.8
"3267",1426,11.5
"3268",1380,11.4
"3269",1425,9.4
"3270",1391,14.7
"3271",1376,10.9
"3272",1388,10.9
"3273",1444,13
"3274",1429,9.3
"3275",1367,8.3
"3276",1406,8.7
"3277",1413,12.6
"3278",1432,7.2
"3279",1438,10.4
"3280",1392,9.6
"3281",1388,12.6
"3282",1431,8.2
"3283",1375,11.8
"3284",1304,11.5
"3285",1376,12
"3286",1404,13.9
"3287",1348,10.8
"3288",1408,9.5
"3289",1431,12.1
"3290",1401,10.6
"3291",1379,12.7
"3292",1412,3.9
"3293",1373,11.8
"3294",1486,19.9
"3295",1480,12.1
"3296",1481,8
"3297",1353,9.5
"3298",1421,12.8
"3299",1377,8
"3300",1388,11.5
"3301",1434,14.7
"3302",1431,9.8
"3303",1437,13.5
"3304",1311,9.9
"3305",1370,10.6
"3306",1445,8.5
"3307",1402,10.8
"3308",1387,9.3
"3309",1409,8.6
"3310",1399,13.6
"3311",1427,10.2
"3312",1330,10.6
"3313",1436,11.2
"3314",1417,6.5
"3315",1373,11.7
"3316",1383,9.1
"3317",1418,11.2
"3318",1413,13.2
"3319",1389,8.7
"3320",1416,8.1
"3321",1413,14.9
"3322",1436,10.5
"3323",1418,18.3
"3324",1358,11.1
"3325",1422,9.5
"3326",1442,6
"3327",1383,6.9
"3328",1408,6.6
"3329",1406,11.4
"3330",1416,13.7
"3331",1363,12.5
"3332",1337,12.7
"3333",1492,11.8
"3334",1457,9.4
"3335",1391,10.1
"3336",1359,16.5
"3337",1446,11.3
"3338",1455,8.3
"3339",1417,11.6
"3340",1428,8.4
"3341",1402,10.2
"3342",1407,9.8
"3343",1446,12.1
"3344",1360,10.8
"3345",1470,11.2
"3346",1381,8.6
"3347",1397,7.6
"3348",1376,10.1
"3349",1314,9.4
"3350",1375,12.3
"3351",1423,12.9
"3352",1466,11.5
"3353",1442,11.3
"3354",1374,14.4
"3355",1378,9.6
"3356",1421,10.2
"3357",1414,8
"3358",1390,8.7
"3359",1420,13.5
"3360",1386,16.7
"3361",1456,8.9
"3362",1395,8.2
"3363",1365,9.2
"3364",1430,8.9
"3365",1440,7
"3366",1373,7.2
"3367",1418,8
"3368",1430,11.4
"3369",1381,11.4
"3370",1413,14.4
"3371",1504,11.9
"3372",1342,10.9
"3373",1434,9
"3374",1364,7.7
"3375",1416,12.2
"3376",1392,11.8
"3377",1392,10.5
"3378",1322,12.2
"3379",1450,12.3
"3380",1449,9.3
"3381",1375,12.8
"3382",1410,10.3
"3383",1444,15.3
"3384",1399,10.3
"3385",1413,13.8
"3386",1407,8.5
"3387",1342,10
"3388",1431,5.6
"3389",1404,8.3
"3390",1412,11.2
"3391",1391,8.7
"3392",1376,9.9
"3393",1467,7.3
"3394",1442,11.5
"3395",1390,13.9
"3396",1375,13.4
"3397",1438,11.3
"3398",1484,11.2
"3399",1395,9.4
"3400",1392,9.4
"3401",1408,12
"3402",1443,11
"3403",1440,6.9
"3404",1445,13.8
"3405",1382,9.4
"3406",1394,14.1
"3407",1374,7.9
"3408",1374,13.1
"3409",1434,11.3
"3410",1420,10.6
"3411",1385,12.3
"3412",1458,13.6
"3413",1441,11.8
"3414",1411,5.6
"3415",1393,13.8
"3416",1407,16.5
"3417",1404,10.7
"3418",1402,15.1
"3419",1410,6.6
"3420",1403,9.4
"3421",1436,12
"3422",1422,12.3
"3423",1412,7.7
"3424",1409,9.9
"3425",1449,13.6
"3426",1465,9.2
"3427",1427,9.3
"3428",1470,13.5
"3429",1425,9.5
"3430",1370,13.4
"3431",1476,12.5
"3432",1407,8.4
"3433",1433,12.8
"3434",1413,13.3
"3435",1457,8
"3436",1453,13.5
"3437",1425,17.8
"3438",1388,11.3
"3439",1455,12.6
"3440",1490,12.2
"3441",1445,6.8
"3442",1421,14.7
"3443",1428,13.9
"3444",1467,11.6
"3445",1435,13.5
"3446",1539,8
"3447",1449,14.7
"3448",1499,11.9
"3449",1461,13.8
"3450",1467,11.1
"3451",1487,12.2
"3452",1380,10.7
"3453",1421,14
"3454",1428,11
"3455",1435,10.2
"3456",1457,13.4
"3457",1428,14.4
"3458",1388,7.6
"3459",1450,9.9
"3460",1403,12.9
"3461",1404,9.4
"3462",1424,12.6
"3463",1392,7.9
"3464",1425,13.5
"3465",1409,13.4
"3466",1470,17.3
"3467",1335,8.4
"3468",1392,7
"3469",1386,13.6
"3470",1435,15.1
"3471",1469,7.7
"3472",1373,9.8
"3473",1469,12.9
"3474",1515,14
"3475",1504,10.3
"3476",1416,17
"3477",1448,11.3
"3478",1496,8.2
"3479",1490,13.5
"3480",1422,14
"3481",1373,10.5
"3482",1375,8.8
"3483",1390,12
"3484",1454,11
"3485",1434,6.9
"3486",1408,11.4
"3487",1416,8.4
"3488",1443,7.2
"3489",1397,8.9
"3490",1446,8.5
"3491",1418,9.7
"3492",1440,11.8
"3493",1393,11.2
"3494",1371,10
"3495",1389,17.2
"3496",1423,10.9
"3497",1431,8.8
"3498",1394,10.2
"3499",1419,7
"3500",1432,10.7
"3501",1341,14.1
"3502",1394,14.6
"3503",1306,11.1
"3504",1345,12
"3505",1455,13.1
"3506",1389,8.5
"3507",1422,12.1
"3508",1388,9.4
"3509",1400,9.3
"3510",1386,13.3
"3511",1404,9.7
"3512",1418,11.2
"3513",1404,10.6
"3514",1411,5.5
"3515",1423,13
"3516",1400,9.8
"3517",1414,16.7
"3518",1381,11.3
"3519",1464,7.9
"3520",1414,8.9
"3521",1414,17.2
"3522",1354,11.2
"3523",1454,7.2
"3524",1443,11.1
"3525",1347,10.2
"3526",1277,8.7
"3527",1404,7.7
"3528",1397,14.1
"3529",1415,14.8
"3530",1403,9.2
"3531",1342,9.3
"3532",1345,9.2
"3533",1413,12
"3534",1336,8.3
"3535",1389,11.3
"3536",1416,8.5
"3537",1381,11.9
"3538",1389,11.4
"3539",1359,12
"3540",1368,11
"3541",1325,8.2
"3542",1002,9.4
"3543",1383,8.3
"3544",1389,11
"3545",1350,7.7
"3546",1471,12.7
"3547",1423,9.5
"3548",1438,9
"3549",1388,10.3
"3550",1410,10.4
"3551",1381,15.6
"3552",1369,15.6
"3553",1420,13.8
"3554",1393,11.1
"3555",1417,15.2
"3556",1338,11.5
"3557",1428,11
"3558",1366,10.7
"3559",1437,12
"3560",1370,9.5
"3561",1371,9
"3562",1399,5.9
"3563",1374,14.1
"3564",1431,17.2
"3565",1438,10.6
"3566",1377,14.4
"3567",1441,12.9
"3568",1378,15.7
"3569",1438,12
"3570",1403,14.2
"3571",1350,13.7
"3572",1423,10.9
"3573",1408,13.1
"3574",1424,16.3
"3575",1437,15.8
"3576",1411,8.5
"3577",1513,12.3
"3578",1437,13.9
"3579",1396,10
"3580",1402,10.9
"3581",1347,8.7
"3582",1394,8.6
"3583",1437,11.1
"3584",1398,7.8
"3585",1413,10.4
"3586",1357,11.9
"3587",1420,14.2
"3588",1429,11.4
"3589",1416,9
"3590",1349,11.2
"3591",1310,9.6
"3592",1477,8.1
"3593",1395,12.3
"3594",1390,11.5
"3595",1374,6.1
"3596",1377,12.1
"3597",1389,14.2
"3598",1393,8.6
"3599",1423,14.9
"3600",1336,9.2
"3601",1380,13.5
"3602",1411,16
"3603",1398,14.3
"3604",1407,6.4
"3605",1439,14.3
"3606",1410,10.7
"3607",1483,8.5
"3608",1452,8.7
"3609",1456,14.2
"3610",1401,12.5
"3611",1448,14.3
"3612",1429,10.8
"3613",1417,12.4
"3614",1381,9
"3615",1433,14.3
"3616",1500,9.8
"3617",1423,9.2
"3618",1335,8.8
"3619",1360,10.6
"3620",1428,10.5
"3621",1393,8.6
"3622",1399,12.6
"3623",1380,8.3
"3624",1401,9.6
"3625",1492,9.8
"3626",1419,10.9
"3627",1413,12
"3628",1442,8.3
"3629",1427,13.6
"3630",1405,7.2
"3631",1325,14
"3632",1439,10.6
"3633",1435,11.3
"3634",1394,10.8
"3635",1384,6.9
"3636",1348,10.5
"3637",1402,9.8
"3638",1427,12.2
"3639",1361,12.7
"3640",1388,5.4
"3641",1330,10
"3642",1380,10.3
"3643",1394,13
"3644",1434,12.6
"3645",1370,12.4
"3646",1433,9.8
"3647",1390,10.9
"3648",1406,13.4
"3649",1333,11.7
"3650",1464,9.7
"3651",1438,11.3
"3652",1403,15.1
"3653",1430,12.8
"3654",1412,12.7
"3655",1361,7.2
"3656",1372,16.5
"3657",1342,10
"3658",1431,9.7
"3659",1401,9.8
"3660",1363,12.2
"3661",1378,12.7
"3662",1334,12.8
"3663",1438,12.3
"3664",1357,11.6
"3665",1447,5.6
"3666",1410,9.2
"3667",1399,11.4
"3668",1368,10.9
"3669",1356,9.4
"3670",1390,11
"3671",1405,8.4
"3672",1351,9.3
"3673",1391,12.1
"3674",1340,12.1
"3675",1447,11.1
"3676",1423,9
"3677",1425,2.7
"3678",1389,12.4
"3679",1414,13.6
"3680",1410,12.6
"3681",1456,13.4
"3682",1471,10.1
"3683",1459,11.1
"3684",1400,9.1
"3685",1392,12.2
"3686",1334,8
"3687",1404,13.1
"3688",1427,9.2
"3689",1369,7.3
"3690",1384,10.9
"3691",1398,5.9
"3692",1481,12.2
"3693",1444,6
"3694",1383,9.3
"3695",1462,8.9
"3696",1442,13
"3697",1421,11.4
"3698",1375,11.9
"3699",1394,13.3
"3700",1426,8.4
"3701",1481,7.2
"3702",1397,11.1
"3703",1378,12.7
"3704",1366,8.3
"3705",1437,21.8
"3706",1435,12.5
"3707",1376,11
"3708",1449,10.2
"3709",1379,9.2
"3710",1467,8.6
"3711",1369,9.8
"3712",1405,8.5
"3713",1390,11
"3714",1412,12.7
"3715",1390,12
"3716",1393,9.3
"3717",1408,11.6
"3718",1397,7.8
"3719",1384,10.4
"3720",1484,10.1
"3721",1382,12.6
"3722",1425,6.4
"3723",1359,14.4
"3724",1404,15.9
"3725",1449,11.4
"3726",1336,9.2
"3727",1441,10.6
"3728",1415,8.9
"3729",1382,8.8
"3730",1346,12.4
"3731",1435,10
"3732",1413,10.5
"3733",1422,8.7
"3734",1369,8.6
"3735",1362,9.3
"3736",1423,11.3
"3737",1408,9
"3738",1376,13.5
"3739",1403,15.2
"3740",1400,6.4
"3741",1423,9.5
"3742",1393,12.6
"3743",1426,8.5
"3744",1354,8.3
"3745",1386,10.3
"3746",1409,13.1
"3747",1411,7.9
"3748",1460,14.9
"3749",1441,11
"3750",1408,13
"3751",1404,12.1
"3752",1452,13.9
"3753",1371,11.1
"3754",1446,9.7
"3755",1437,4.9
"3756",1388,13.4
"3757",1395,12.1
"3758",1417,15.2
"3759",1342,13
"3760",1388,10.4
"3761",1393,8
"3762",1462,8.3
"3763",1455,13.4
"3764",1419,9.7
"3765",1403,8.7
"3766",1428,11.9
"3767",1429,12.1
"3768",1367,12.4
"3769",1434,12.5
"3770",1393,6.5
"3771",1451,16.1
"3772",1354,8.1
"3773",1402,10.1
"3774",1395,9.5
"3775",1407,13.6
"3776",1432,13.5
"3777",1427,15.1
"3778",1476,8.6
"3779",1432,10.1
"3780",1471,9.6
"3781",1369,14.5
"3782",1427,7.6
"3783",1416,11.5
"3784",1422,8.6
"3785",1438,12.5
"3786",1458,11
"3787",1451,13.8
"3788",1538,17.7
"3789",1516,10.9
"3790",1496,10.5
"3791",1520,9.3
"3792",1505,13.4
"3793",1548,8.8
"3794",1443,10.1
"3795",1458,12.6
"3796",1482,10.4
"3797",1462,9.9
"3798",1391,9.8
"3799",1417,11.2
"3800",1432,8.8
"3801",1397,17.2
"3802",1395,10.3
"3803",1386,11.5
"3804",1467,14.5
"3805",1371,10
"3806",1448,14.8
"3807",1394,12.1
"3808",1379,14.2
"3809",1436,14.8
"3810",1420,11
"3811",1377,10.7
"3812",1445,9.4
"3813",1408,12.9
"3814",1347,10.5
"3815",1349,12.3
"3816",1362,10.4
"3817",1387,13
"3818",1408,10.8
"3819",1345,17.2
"3820",1382,13.7
"3821",1349,12.3
"3822",1421,15.2
"3823",1406,10.5
"3824",1430,12.9
"3825",1419,12.6
"3826",1456,9.9
"3827",1419,7.6
"3828",1430,6.6
"3829",1385,10.4
"3830",1383,11.4
"3831",1348,10
"3832",1395,12.7
"3833",1391,12.3
"3834",1416,9
"3835",1461,9.8
"3836",1438,11.9
"3837",1425,12.6
"3838",1407,9.6
"3839",1353,9.1
"3840",1386,11.9
"3841",1416,7.3
"3842",1438,10.6
"3843",1420,8.9
"3844",1393,11.4
"3845",1416,10.2
"3846",1391,9.4
"3847",1348,12.4
"3848",1359,14
"3849",1352,11.6
"3850",1476,7.3
"3851",1357,9.1
"3852",1427,8.9
"3853",1384,6.2
"3854",1398,9.9
"3855",1445,12.3
"3856",1372,15.5
"3857",1376,8.8
"3858",1425,13.9
"3859",1402,17.8
"3860",1462,13.9
"3861",1381,13.2
"3862",1367,12.1
"3863",1389,17.1
"3864",1386,11.5
"3865",1396,10.5
"3866",1416,10.8
"3867",1403,9.8
"3868",1415,6.8
"3869",1354,9.6
"3870",1425,12.5
"3871",1432,6
"3872",1414,11.3
"3873",1411,10.2
"3874",1469,7.2
"3875",1351,8.2
"3876",1404,11.2
"3877",1436,13.1
"3878",1400,9.2
"3879",1351,12.3
"3880",1402,15.8
"3881",1443,11.1
"3882",1419,9.8
"3883",1349,18.1
"3884",1388,11.7
"3885",1406,13.9
"3886",1470,12.3
"3887",1419,9.9
"3888",1410,13.1
"3889",1398,12.9
"3890",1409,9.3
"3891",1379,11.5
"3892",1429,14
"3893",1394,11.5
"3894",1346,10.9
"3895",1388,14.2
"3896",1422,14.4
"3897",1356,11.6
"3898",1400,14.9
"3899",1392,10.8
"3900",1451,14.1
"3901",1373,7.5
"3902",1393,6
"3903",1389,13.5
"3904",1419,15.9
"3905",1415,12.2
"3906",1434,12.5
"3907",1455,18.2
"3908",1442,10.3
"3909",1386,12
"3910",1380,6.9
"3911",1429,7.4
"3912",1360,8.5
"3913",1389,13.9
"3914",1380,6.3
"3915",1396,9.3
"3916",1372,6.5
"3917",1392,13.3
"3918",1412,14.6
"3919",1445,10
"3920",1442,10.4
"3921",1357,10.5
"3922",1403,11
"3923",1378,7.7
"3924",1434,8.7
"3925",1411,8.1
"3926",1385,10
"3927",1454,5.9
"3928",1362,13.4
"3929",1460,13
"3930",1385,7.2
"3931",1313,15.3
"3932",1393,9.4
"3933",1364,3.7
"3934",1409,6.5
"3935",1405,16.2
"3936",1398,13.1
"3937",1429,8.6
"3938",1389,8.7
"3939",1413,15.6
"3940",1480,11.7
"3941",1353,11.2
"3942",1388,11.7
"3943",1354,9.2
"3944",1446,7.4
"3945",1419,14.5
"3946",1406,12.5
"3947",1375,14.5
"3948",1429,13.6
"3949",1438,11
"3950",1404,7.5
"3951",1439,10.8
"3952",1460,14.4
"3953",1440,12.1
"3954",1417,14.9
"3955",1365,14.9
"3956",1379,12.8
"3957",1446,9.2
"3958",1394,5.2
"3959",1349,10
"3960",1447,12.5
"3961",1443,10.8
"3962",1422,10.9
"3963",1365,13.8
"3964",1372,7.6
"3965",1390,8.9
"3966",1403,7.1
"3967",1425,11.7
"3968",1437,11.1
"3969",1410,12.2
"3970",1323,11.6
"3971",1397,9.3
"3972",1452,6.2
"3973",1441,14
"3974",1359,11.5
"3975",1386,6.7
"3976",1354,8.9
"3977",1440,12.2
"3978",1386,9.9
"3979",1469,6.6
"3980",1373,13.7
"3981",1371,11.1
"3982",1474,6
"3983",1468,9.7
"3984",1360,12.8
"3985",1350,15.7
"3986",1419,12
"3987",1429,5.4
"3988",1365,10.7
"3989",1372,9.8
"3990",1413,13
"3991",1440,11.2
"3992",1419,9.4
"3993",1388,13.9
"3994",1426,10.4
"3995",1375,6.4
"3996",1435,12
"3997",1450,9.9
"3998",1362,14.6
"3999",1418,9.7
"4000",1384,13.7
"4001",1406,12.5
"4002",1444,8.1
"4003",1382,6.8
"4004",1373,12.6
"4005",1307,10.1
"4006",1388,8.6
"4007",1382,9.6
"4008",1377,12.3
"4009",1381,8
"4010",1392,7.9
"4011",1422,13.9
"4012",1428,7.9
"4013",1436,13.4
"4014",1367,16
"4015",1406,14.6
"4016",1368,9.6
"4017",1403,9.3
"4018",1463,7.1
"4019",1365,9.1
"4020",1401,10.7
"4021",1374,16
"4022",1386,11
"4023",1441,8.4
"4024",1402,11.6
"4025",1411,12.4
"4026",1388,16
"4027",1445,10.2
"4028",1385,14.3
"4029",1439,9.6
"4030",1401,10
"4031",1371,12.1
"4032",1427,12.2
"4033",1458,10.7
"4034",1388,13.1
"4035",1444,11.7
"4036",1486,10.4
"4037",1481,14.8
"4038",1423,9.1
"4039",1385,9.3
"4040",1478,9.1
"4041",1435,12.8
"4042",1396,10
"4043",1387,10.8
"4044",1434,9.5
"4045",1345,12.3
"4046",1413,13.6
"4047",1372,11.1
"4048",1373,9.1
"4049",1453,11.6
"4050",1383,11.5
"4051",1340,14.8
"4052",1387,10.9
"4053",1399,11.3
"4054",1411,7.8
"4055",1435,11.1
"4056",1414,11.6
"4057",1409,7.7
"4058",1333,10.7
"4059",1407,12.6
"4060",1412,15.8
"4061",1353,15.2
"4062",1355,10.6
"4063",1427,12.4
"4064",1346,10.3
"4065",1395,13.6
"4066",1401,9.7
"4067",1405,10.2
"4068",1410,6.7
"4069",1435,9
"4070",1397,11.5
"4071",1375,10.9
"4072",1446,14.1
"4073",1401,14.3
"4074",1409,7
"4075",1446,6.8
"4076",1435,12.6
"4077",1406,11.8
"4078",1363,10.2
"4079",1401,8.2
"4080",1415,9.7
"4081",1374,11.1
"4082",1419,8.7
"4083",1383,12.6
"4084",1420,8.7
"4085",1407,6.9
"4086",1442,10
"4087",1444,9.1
"4088",1380,7.7
"4089",1378,11.2
"4090",1411,12
"4091",1321,12.1
"4092",1334,9.6
"4093",1420,9.3
"4094",1391,15.3
"4095",1380,9.9
"4096",1385,10.6
"4097",1401,10.7
"4098",1430,9.5
"4099",1407,13.9
"4100",1411,9.1
"4101",1437,7.6
"4102",1378,11.5
"4103",1379,14.5
"4104",1452,14
"4105",1397,11.8
"4106",1357,13.1
"4107",1380,9.6
"4108",1399,9
"4109",1372,7.6
"4110",1471,10.3
"4111",1412,7.7
"4112",1371,6.4
"4113",1368,11.3
"4114",1358,10.8
"4115",1404,8
"4116",1362,7.7
"4117",1365,11.1
"4118",1486,14.9
"4119",1498,8.7
"4120",1405,11.4
"4121",1441,6.2
"4122",1414,13.2
"4123",1432,11.3
"4124",1399,6.5
"4125",1417,12.9
"4126",1381,13.3
"4127",1410,10.9
"4128",1352,12.6
"4129",1399,12.1
"4130",1431,8.9
"4131",1328,6.9
"4132",1424,12.1
"4133",1338,15.9
"4134",1469,7.6
"4135",1389,6.7
"4136",1401,13.9
"4137",1408,6.8
"4138",1424,13.1
"4139",1312,15.7
"4140",1420,6.9
"4141",1364,11.5
"4142",1406,14.7
"4143",1422,11.3
"4144",1444,19
"4145",1395,14.3
"4146",1427,6.9
"4147",1349,12.1
"4148",1360,12.1
"4149",1401,10.3
"4150",1417,8.3
"4151",1368,7.5
"4152",1403,10.3
"4153",1436,14.7
"4154",1394,7.2
"4155",1335,8.2
"4156",1372,11.4
"4157",1406,12
"4158",1422,14.6
"4159",1351,13.3
"4160",1444,11.4
"4161",1393,10
"4162",1426,13.7
"4163",1339,6
"4164",1343,16.3
"4165",1432,8.7
"4166",1363,8
"4167",1358,13.7
"4168",1354,6.7
"4169",1442,12.5
"4170",1326,11.9
"4171",1448,13.8
"4172",1451,9.9
"4173",1412,7.1
"4174",1399,6.2
"4175",1323,10.2
"4176",1420,10.3
"4177",1425,11
"4178",1339,8.7
"4179",1398,14.2
"4180",1383,10.5
"4181",1427,10
"4182",1415,14
"4183",1418,8.8
"4184",1483,4.5
"4185",1341,12.8
"4186",1420,15
"4187",1380,10.5
"4188",1385,12.4
"4189",1423,12.5
"4190",1501,9.7
"4191",1413,9.4
"4192",1394,10.9
"4193",1392,13.2
"4194",1330,12.8
"4195",1373,15.5
"4196",1466,20.7
"4197",1344,9.1
"4198",1370,8.7
"4199",1411,9.6
"4200",1374,8.7
"4201",1385,8.2
"4202",1408,12.4
"4203",1372,7.6
"4204",1434,11.9
"4205",1356,9.1
"4206",1403,8.2
"4207",1378,9.8
"4208",1398,14
"4209",1420,10.1
